municipality_code,m01,m02,m03,m04,m05,m06,m07,m08,m09,m10,m11,m12,confidence
080018,0.0436,0.0725,0.225,1.35,2.88,3.46,9.54,10.6,11.9,8.37,3.33,0.18,high
080023,0.0125,0.0209,0.0653,0.407,0.879,1.06,3.55,4.09,4.64,3.03,1.11,0.0521,medium
080039,0.0319,0.0531,0.166,1.04,2.4,2.82,7.78,8.67,10.6,7.45,2.74,0.132,high
080044,0.0143,0.0238,0.0743,0.455,0.984,1.21,3.94,4.71,5.09,3.28,1.25,0.0593,low
080057,0.174,0.288,0.866,4.37,8.25,9.4,20.5,21.8,23.6,18.3,8.87,0.687,high
080060,0.0835,0.139,0.429,2.5,5.37,6.27,14.7,16.1,18.1,13.6,5.78,0.342,high
080076,0.0262,0.0435,0.134,0.757,1.6,1.88,4.8,5.36,6.23,4.35,1.75,0.106,high
080082,0.0118,0.0197,0.0615,0.382,0.817,0.987,3.27,3.75,4.33,2.81,1.05,0.0491,medium
080095,0.043,0.0716,0.222,1.33,2.94,3.44,8.9,9.8,11.4,8.21,3.25,0.177,high
080109,0.101,0.168,0.51,2.67,5.13,5.83,14.5,15.9,17.3,12.7,5.75,0.404,high
080116,0.0226,0.0378,0.118,0.716,1.51,1.77,5.71,6.67,7.53,4.96,1.94,0.0942,medium
080121,0.0203,0.034,0.106,0.658,1.43,1.7,5.85,6.66,7.48,4.8,1.79,0.0847,medium
080137,0.0291,0.0484,0.15,0.888,1.92,2.33,6.59,7.39,8.74,5.84,2.22,0.12,high
080142,0.0137,0.0228,0.0714,0.438,0.947,1.16,3.94,4.49,4.97,3.18,1.2,0.057,high
080155,0.0417,0.0692,0.213,1.21,2.54,2.92,6.86,7.53,8.96,6.64,2.76,0.169,high
080168,0.00965,0.0161,0.0503,0.305,0.639,0.752,2.37,2.81,3.21,2.16,0.845,0.0402,medium
080174,0.0458,0.0763,0.236,1.37,2.82,3.33,9.52,10.5,11.6,8.06,3.38,0.188,high
080180,0.0326,0.0542,0.166,0.931,1.87,2.15,6.12,6.9,7.59,5.25,2.17,0.132,medium
080193,0.0556,0.0925,0.287,1.71,3.76,4.52,11.9,13.3,16,11.2,4.29,0.229,high
080207,0.0812,0.132,0.37,1.63,3.16,3.77,9.06,10.2,12,8.28,3.47,0.294,high
080214,0.00965,0.0161,0.0504,0.313,0.669,0.805,2.78,3.17,3.68,2.34,0.866,0.0402,low
080229,0.123,0.204,0.612,3.05,5.63,6.3,14.3,16,17.3,13.1,6.37,0.486,high
080235,0.15,0.247,0.724,3.46,6.46,7.38,16.9,18.2,19.6,14.9,7.1,0.573,high
080240,0.0132,0.0221,0.0689,0.422,0.907,1.1,3.63,4.33,4.77,3.06,1.16,0.055,medium
080253,0.0286,0.0476,0.147,0.871,1.83,2.16,6.52,7.24,8.24,5.57,2.16,0.117,high
080266,0.0165,0.0275,0.0859,0.528,1.14,1.41,4.76,5.44,6.01,3.84,1.45,0.0686,medium
080272,0.0118,0.0197,0.0617,0.389,0.859,1.05,3.48,3.93,4.59,2.97,1.06,0.0493,medium
080288,0.0444,0.0738,0.229,1.33,2.75,3.23,8.44,9.33,10.5,7.53,3.13,0.182,high
080291,0.0686,0.114,0.356,2.21,5.11,5.94,15.5,17.3,20.7,15,5.73,0.284,high
080305,0.153,0.254,0.778,4.29,8.88,10,20.7,22.4,25.6,20.2,9.23,0.618,high
080312,0.0128,0.0214,0.0669,0.412,0.88,1.06,3.4,3.89,4.43,2.94,1.11,0.0533,low
080327,0.0402,0.0671,0.21,1.33,3.1,3.74,11.6,13.1,15.5,10.3,3.61,0.167,high
080333,0.249,0.404,1.11,4.36,7.4,8.24,16.7,17.8,19.7,15.2,7.76,0.878,high
080348,0.103,0.168,0.47,2,3.61,4.09,10.4,11.5,12.6,8.97,4.08,0.372,high
080351,0.172,0.285,0.866,4.67,9.24,10.6,24.4,27,29.9,22.4,10,0.687,high
080364,0.00701,0.0117,0.0366,0.227,0.488,0.592,1.99,2.3,2.63,1.7,0.627,0.0292,low
080370,0.0238,0.0397,0.124,0.753,1.62,1.98,6.16,7.08,7.71,5.14,2,0.0988,medium
080386,0.0956,0.157,0.455,1.99,3.4,3.75,7.74,8.48,9.1,7.02,3.59,0.359,medium
080399,0.338,0.546,1.47,6.02,10.9,12.7,28.4,30.9,33.1,24.9,11.8,1.17,high
080403,0.0355,0.0592,0.185,1.15,2.63,3.15,9.06,10.2,11.9,8.15,3,0.147,high
080410,0.0438,0.073,0.227,1.4,3.11,3.65,10.6,11.7,13.9,9.5,3.54,0.181,high
080425,0.0944,0.156,0.467,2.35,4.51,5.29,13.7,14.9,16.3,11.5,5.07,0.37,high
080431,0.104,0.172,0.52,2.79,5.55,6.51,15.5,16.9,19.5,14.4,6.15,0.414,high
080446,0.154,0.256,0.783,4.24,8.23,9.43,20.9,22.6,24.7,19.1,8.89,0.622,high
080459,0.0115,0.0192,0.06,0.366,0.775,0.901,3.02,3.54,4.08,2.64,1.02,0.0479,medium
080462,0.0567,0.0943,0.291,1.69,3.63,4.27,11.4,12.6,14.4,10.2,4.05,0.231,high
080478,0.00944,0.0158,0.0493,0.305,0.655,0.779,2.65,3.07,3.43,2.22,0.825,0.0393,medium
080484,0.0181,0.0302,0.0942,0.584,1.26,1.52,4.96,5.58,6.47,4.2,1.56,0.0752,medium
080497,0.0224,0.0374,0.117,0.718,1.54,1.82,5.95,6.88,7.71,5.03,1.91,0.0931,medium
080500,0.0109,0.0182,0.0567,0.346,0.734,0.854,2.86,3.37,3.87,2.5,0.962,0.0453,medium
080517,0.0316,0.0526,0.163,0.969,2.05,2.42,6.83,7.48,8.47,5.86,2.37,0.13,high
080522,0.00955,0.016,0.0498,0.303,0.636,0.76,2.39,2.85,3.22,2.16,0.841,0.0398,low
080538,0.0351,0.0584,0.182,1.1,2.35,2.78,8.32,9.12,10.2,7.08,2.78,0.145,high
080543,0.0248,0.0413,0.129,0.791,1.73,2.1,6.15,6.93,8.06,5.41,2.04,0.103,high
080556,0.0234,0.039,0.122,0.743,1.6,1.91,6.41,7.19,8.08,5.24,2,0.0971,high
080569,0.0674,0.112,0.348,2.08,4.68,5.79,14.5,16.3,19.1,13.5,5.27,0.278,high
080575,0.0115,0.0192,0.06,0.366,0.773,0.916,2.99,3.54,4.01,2.63,1.02,0.048,low
080581,0.00783,0.0131,0.0409,0.26,0.576,0.696,2.33,2.59,3.26,2.1,0.717,0.0326,high
080594,0.022,0.0368,0.115,0.718,1.56,1.88,6.16,7,7.96,5.26,1.94,0.0917,medium
080608,0.0055,0.00918,0.0287,0.179,0.382,0.461,1.56,1.82,2.09,1.34,0.493,0.0229,low
080615,0.078,0.129,0.394,2.12,4.09,4.69,11.4,12.5,13.8,10.2,4.56,0.313,medium
080620,0.396,0.573,1.09,2.3,3.29,3.58,7.37,8.15,8.83,6.59,3.55,0.9,medium
080636,0.0153,0.0255,0.0798,0.502,1.1,1.32,4.49,5.05,5.84,3.78,1.36,0.0636,high
080641,0.0363,0.0604,0.186,1.07,2.18,2.55,7.55,8.35,9.32,6.32,2.6,0.148,high
080654,0.00621,0.0104,0.0324,0.206,0.453,0.549,1.92,2.13,2.63,1.65,0.567,0.0259,medium
080667,0.0549,0.0913,0.282,1.63,3.38,4.01,9.89,10.9,12.2,8.86,3.76,0.225,high
080673,0.0369,0.0615,0.191,1.13,2.34,2.77,8.08,8.95,9.82,6.83,2.83,0.152,high
080689,0.0521,0.0864,0.262,1.43,2.94,3.51,8.93,9.95,11.5,8.11,3.29,0.209,high
080692,0.0805,0.134,0.406,2.17,4.22,4.83,11.7,12.6,13.9,10.4,4.65,0.322,high
080706,0.0254,0.0424,0.132,0.812,1.75,2.11,7.12,8.04,8.97,5.81,2.21,0.106,medium
080713,0.00913,0.0152,0.0477,0.297,0.64,0.776,2.6,3,3.46,2.23,0.819,0.0381,low
080728,0.119,0.198,0.607,3.37,6.87,8.11,18.3,19.9,22.1,16.8,7.44,0.483,high
080734,0.0271,0.0451,0.141,0.887,2.05,2.53,7.38,8.47,10.4,6.92,2.43,0.113,high
080749,0.088,0.146,0.446,2.48,4.99,5.78,13,14,16.4,12.6,5.47,0.355,high
080752,0.0227,0.0378,0.118,0.728,1.65,1.96,5.7,6.38,7.56,5.11,1.88,0.0939,high
080765,0.048,0.0799,0.248,1.48,3.13,3.72,10.3,11.4,12.7,8.98,3.62,0.197,high
080771,0.0725,0.121,0.374,2.22,4.8,5.72,14.3,15.9,18.8,13.6,5.39,0.298,high
080787,0.0104,0.0174,0.0544,0.336,0.722,0.85,2.91,3.4,3.89,2.47,0.925,0.0434,medium
080790,0.0241,0.0403,0.126,0.774,1.68,2.02,6.73,7.79,8.56,5.55,2.1,0.1,low
080804,0.0102,0.017,0.053,0.322,0.675,0.772,2.5,2.95,3.45,2.31,0.899,0.0423,medium
080811,0.058,0.0965,0.299,1.75,3.71,4.54,13.5,15.1,16.5,11.1,4.44,0.238,high
080826,0.02,0.0332,0.104,0.654,1.45,1.72,5.29,6.13,7.15,4.69,1.73,0.0828,high
080832,0.0257,0.0428,0.134,0.814,1.75,2.15,6.73,7.77,8.48,5.61,2.17,0.107,high
080847,0.0211,0.0351,0.109,0.652,1.37,1.63,5.08,5.82,6.48,4.36,1.68,0.0868,medium
080850,0.0108,0.0179,0.0561,0.35,0.763,0.928,3.1,3.47,4.06,2.61,0.945,0.0448,medium
080863,0.114,0.188,0.555,2.7,5.16,5.87,13.8,14.8,16.7,12.3,5.55,0.439,high
080879,0.0219,0.0366,0.114,0.707,1.54,1.85,6.3,7.04,7.99,5.13,1.92,0.0913,medium
080885,0.103,0.17,0.519,2.78,5.44,6.33,15.3,16.4,17.8,13.2,6.04,0.412,high
080898,0.0503,0.0836,0.258,1.5,3.29,4.03,9.81,11,13,9.14,3.66,0.206,high
080902,0.0145,0.0242,0.0755,0.472,1.03,1.22,4.28,4.93,5.53,3.52,1.29,0.0602,medium
080919,0.0538,0.0891,0.269,1.4,2.76,3.24,7.91,8.74,9.9,7.03,3.03,0.213,high
080924,0.061,0.102,0.316,1.86,3.87,4.5,12.7,14.4,15.7,11,4.56,0.251,low
080930,0.00591,0.00987,0.0308,0.188,0.394,0.457,1.47,1.74,2.03,1.36,0.526,0.0246,low
080945,0.0371,0.0618,0.192,1.16,2.48,2.97,8.16,8.98,10.1,7.23,2.88,0.153,high
080958,0.0202,0.0337,0.105,0.655,1.43,1.72,5.97,6.68,7.6,4.85,1.79,0.0841,medium
080961,0.136,0.224,0.67,3.43,6.84,7.8,18.7,20.2,23.2,17.1,7.37,0.531,high
080977,0.0596,0.0993,0.309,1.88,4.08,5.02,15,16.9,18.5,12.5,4.86,0.247,high
080983,0.0563,0.0938,0.29,1.69,3.48,4.08,11.4,12.6,14.1,9.99,4.08,0.231,high
080996,0.00808,0.0135,0.0421,0.257,0.54,0.637,2.05,2.44,2.79,1.85,0.716,0.0337,medium
081000,0.0156,0.026,0.0813,0.502,1.1,1.34,4.39,5.16,5.62,3.63,1.36,0.0649,high
081017,0.03,0.0499,0.156,0.979,2.27,2.8,8.1,9.3,11.4,7.6,2.68,0.125,high
081022,0.0671,0.112,0.344,1.96,3.96,4.64,12.2,13.5,14.9,10.8,4.58,0.273,high
081038,0.0146,0.0244,0.0762,0.47,1.01,1.22,3.9,4.45,5.1,3.36,1.26,0.0607,medium
081043,0.015,0.025,0.0781,0.483,1.04,1.25,4.09,4.61,5.34,3.47,1.3,0.0623,medium
081056,0.0374,0.0623,0.195,1.22,2.73,3.24,8.97,10,12.3,8.61,3.17,0.155,high
081069,0.0303,0.0504,0.157,0.955,2.13,2.53,7.3,8.13,9.47,6.45,2.43,0.125,high
081075,0.347,0.567,1.61,7.07,12.7,14.2,27.7,29.4,32.4,25.9,13.1,1.27,high
081081,0.0865,0.144,0.443,2.55,5.27,6.14,15.1,16.3,18.6,13.8,5.83,0.352,high
081094,0.0152,0.0253,0.0791,0.486,1.05,1.28,4.23,5.04,5.51,3.53,1.33,0.0632,medium
081108,0.205,0.34,1.03,5.53,10.7,11.9,24.6,26.8,29.8,23.5,11.3,0.82,high
081115,0.0234,0.0391,0.122,0.727,1.54,1.85,5.72,6.55,7.13,4.75,1.88,0.097,high
081120,0.1,0.167,0.509,2.75,5.39,6.3,14.6,16.2,17.2,12.9,5.99,0.405,high
081136,0.0857,0.142,0.435,2.4,4.75,5.47,13.7,15,16.4,12.2,5.36,0.345,high
081141,0.0339,0.0564,0.176,1.09,2.4,2.92,8.91,10.1,11.5,7.68,2.87,0.141,high
081154,0.0923,0.153,0.478,2.89,6.28,7.36,18,19.7,23.3,17.5,7.03,0.38,high
081167,0.0323,0.053900000000000003,0.168,1.03,2.23,2.72,8.38,9.75,10.6,7.06,2.73,0.134,high
081173,0.0226,0.0377,0.118,0.719,1.56,1.89,5.91,6.91,7.48,4.95,1.9,0.0938,medium
081189,0.0425,0.0707,0.222,1.41,3.31,3.91,11.4,12.8,15.9,10.9,3.85,0.176,high
081192,0.0605,0.101,0.311,1.79,3.65,4.28,10.5,11.4,12.5,9.39,4.07,0.247,high
081206,0.0916,0.152,0.461,2.44,4.76,5.46,13.4,14.4,15.8,11.7,5.26,0.366,high
081213,0.146,0.24,0.711,3.52,6.94,7.85,17,18.5,21.3,16.2,7.28,0.563,high
081228,0.0374,0.0621,0.19,1.04,2.07,2.41,6.41,7.1,8.06,5.61,2.36,0.151,high
081234,0.0483,0.0802,0.247,1.41,2.96,3.53,8.58,9.53,11.1,7.97,3.28,0.197,high
081249,0.0216,0.036,0.113,0.717,1.63,1.96,5.99,6.74,8.37,5.56,1.94,0.0898,high
081252,0.0113,0.0188,0.0591,0.379,0.872,1.05,3.27,3.72,4.74,3.1,1.05,0.0471,high
081265,0.0305,0.0507,0.159,1.01,2.38,2.82,8.34,9.39,11.7,7.95,2.78,0.127,high
081271,0.0521,0.0868,0.27,1.62,3.41,4.02,11.6,12.8,14.3,10,3.99,0.215,high
081287,0.032,0.0534,0.166,1.01,2.14,2.53,8.18,9.14,10.2,6.78,2.62,0.133,medium
081290,0.0253,0.0423,0.132,0.799,1.71,2.06,6.62,7.64,8.33,5.47,2.11,0.105,medium
081304,0.0113,0.0189,0.0592,0.369,0.801,0.948,3.3,3.85,4.37,2.75,1.01,0.0472,low
081311,0.0347,0.0579,0.18,1.09,2.32,2.85,8.53,9.96,10.7,7.2,2.86,0.144,medium
081326,0.00979,0.0163,0.0511,0.316,0.677,0.801,2.72,3.18,3.62,2.3,0.862,0.0408,medium
081332,0.0114,0.019,0.0593,0.365,0.773,0.93,3.03,3.46,3.99,2.62,0.991,0.0473,low
081347,0.0202,0.0337,0.105,0.651,1.43,1.74,5.97,6.64,7.49,4.76,1.77,0.084,high
081350,0.0599,0.0998,0.312,1.93,4.32,5.1,14.6,16.1,19.2,13.3,4.97,0.248,high
081363,0.0269,0.0448,0.14,0.882,2.02,2.39,6.91,7.72,9.45,6.49,2.34,0.112,high
081379,0.0304,0.0507,0.157,0.933,1.97,2.42,7.45,8.48,9.23,6.1,2.42,0.126,high
081385,0.0449,0.0749,0.232,1.35,2.8,3.29,9.94,11,12.3,8.32,3.38,0.185,high
081398,0.0332,0.0553,0.17,0.98,2.05,2.41,7.62,8.46,9.53,6.35,2.47,0.135,high
081402,0.146,0.243,0.738,3.92,7.48,8.47,19.1,20.7,22.3,17.2,8.18,0.585,high
081419,0.0222,0.0369,0.113,0.626,1.26,1.46,4.33,4.94,5.48,3.69,1.49,0.0895,high
081424,0.0114,0.019,0.0594,0.362,0.766,0.901,2.95,3.49,3.97,2.61,1.01,0.0475,low
081430,0.0131,0.0219,0.0686,0.428,0.93,1.12,3.7,4.2,4.82,3.15,1.15,0.0547,high
081445,0.0503,0.0839,0.261,1.55,3.23,3.78,11.2,13,14.3,9.79,3.99,0.208,high
081458,0.0703,0.115,0.332,1.59,3.07,3.59,8.9,9.8,11.5,8.17,3.42,0.264,high
081461,0.0437,0.0726,0.224,1.3,2.8,3.39,9.31,10.4,12.3,8.25,3.19,0.179,medium
081477,0.0614,0.102,0.309,1.67,3.37,3.96,10.7,11.8,13.2,9.29,3.84,0.245,high
081483,0.0636,0.105,0.321,1.73,3.55,4.23,10.2,11.3,13.4,9.38,3.9,0.255,high
081496,0.0159,0.0266,0.0831,0.513,1.12,1.35,4.45,5.28,5.71,3.69,1.39,0.0663,medium
081509,0.0174,0.029,0.0906,0.557,1.21,1.5,4.83,5.72,6.18,4,1.52,0.0724,medium
081516,0.0146,0.0244,0.0762,0.471,1.03,1.24,4.2,4.93,5.42,3.46,1.29,0.0608,medium
081521,0.012,0.02,0.0625,0.391,0.852,1.03,3.54,4.02,4.69,2.97,1.07,0.0499,medium
081537,0.0442,0.0736,0.23,1.44,3.29,3.9,11.4,12.7,15.1,10.4,3.78,0.183,high
081542,0.0129,0.0216,0.0674,0.417,0.906,1.1,3.36,3.75,4.32,2.91,1.09,0.0537,medium
081555,0.0993,0.164,0.497,2.66,5.22,5.87,13.5,15,17,12.7,5.67,0.395,high
081568,0.15,0.248,0.751,3.91,7.56,8.64,18.8,20.1,22.5,17.4,8.06,0.595,high
081574,0.0947,0.157,0.484,2.74,5.71,6.8,16,17.6,20.1,14.9,6.29,0.385,high
081580,0.0186,0.0309,0.0968,0.608,1.38,1.71,5.36,6.14,7.42,4.78,1.67,0.0773,high
081593,0.0483,0.0806,0.251,1.54,3.34,3.98,11.2,12.3,14.4,10,3.86,0.2,high
081607,0.016,0.0267,0.0832,0.51,1.11,1.34,4.36,5.18,5.59,3.63,1.38,0.0664,low
081614,0.0451,0.0749,0.231,1.33,2.72,3.18,8.08,8.86,9.85,7.21,3.06,0.184,high
081629,0.0222,0.037,0.116,0.711,1.54,1.84,5.61,6.24,7.08,4.82,1.83,0.0921,high
081635,0.0672,0.112,0.346,2.04,4.26,4.87,12.4,13.9,16,11.5,4.78,0.275,high
081640,0.0212,0.0354,0.11,0.679,1.47,1.78,5.41,6.05,6.97,4.69,1.76,0.0881,medium
081653,0.0337,0.0561,0.175,1.05,2.23,2.64,7.63,8.46,9.56,6.66,2.62,0.139,high
081666,0.00958,0.016,0.0499,0.304,0.645,0.772,2.51,2.98,3.34,2.19,0.845,0.0399,low
081672,0.0154,0.0256,0.0801,0.505,1.13,1.36,4.29,4.8,5.78,3.79,1.35,0.0638,high
081688,0.0105,0.0175,0.0546,0.339,0.724,0.868,2.92,3.27,3.87,2.46,0.914,0.0436,medium
081691,0.0121,0.0201,0.0628,0.397,0.949,1.2,3.42,3.98,4.89,3.22,1.12,0.0503,high
081705,0.00802,0.0134,0.0419,0.261,0.564,0.685,2.3,2.65,3.03,1.96,0.719,0.0334,medium
081712,0.0242,0.0404,0.126,0.766,1.64,1.95,6.09,7.07,7.73,5.14,2,0.101,medium
081727,0.217,0.36,1.12,6.54,14.2,16.3,36.1,39.2,45,35.2,15.2,0.887,high
081748,0.112,0.186,0.576,3.32,6.74,7.91,17.9,19.2,20.8,16.5,7.44,0.458,low
081751,0.0229,0.0382,0.119,0.734,1.58,1.86,6.12,7.07,7.89,5.15,1.95,0.095,medium
081764,0.00628,0.0105,0.0328,0.204,0.438,0.53,1.78,2.06,2.39,1.54,0.565,0.0262,medium
081770,0.0178,0.0298,0.0929,0.568,1.22,1.46,4.84,5.75,6.35,4.08,1.56,0.0742,medium
081786,0.0261,0.0436,0.136,0.844,1.82,2.18,6.97,7.9,8.94,6,2.25,0.108,medium
081799,0.0443,0.0736,0.227,1.32,2.73,3.2,9.42,10.3,11.6,7.96,3.19,0.181,high
081803,0.012,0.0199,0.0626,0.403,0.933,1.13,3.62,4.14,5.31,3.41,1.13,0.0499,high
081810,0.0191,0.0318,0.0993,0.623,1.42,1.69,5.29,5.9,7.14,4.68,1.65,0.0791,high
081825,0.0824,0.137,0.423,2.43,4.97,5.78,16,17.5,19.5,13.9,5.78,0.336,high
081831,0.146,0.244,0.75,4.2,8.44,9.93,23.4,26,27.5,20.8,9.48,0.596,high
081846,0.0322,0.0536,0.166,0.993,2.12,2.55,7.06,7.9,9.16,6.29,2.46,0.133,high
081859,0.0101,0.0168,0.0526,0.329,0.713,0.865,2.92,3.36,3.86,2.49,0.905,0.042,medium
081878,0.0248,0.0413,0.129,0.797,1.75,2.11,6.4,7.12,8.39,5.6,2.08,0.103,high
081884,0.0315,0.0526,0.164,1.01,2.17,2.57,8.3,9.67,10.7,7.01,2.68,0.131,medium
081897,0.00838,0.014,0.0437,0.272,0.585,0.708,2.38,2.75,3.12,2.02,0.747,0.0349,low
081901,0.00628,0.0105,0.0327,0.2,0.416,0.473,1.53,1.81,2.14,1.44,0.558,0.0262,low
081918,0.0208,0.0348,0.108,0.66,1.41,1.66,5.35,6.06,6.77,4.5,1.71,0.0863,high
081923,0.0734,0.122,0.366,1.91,3.65,4.15,10,11.1,12,8.96,4.06,0.29,high
081939,0.0233,0.0389,0.121,0.744,1.65,1.98,5.9,6.76,7.84,5.18,1.92,0.0965,high
081944,0.00697,0.0116,0.0365,0.236,0.547,0.661,2.15,2.46,3.19,2.03,0.667,0.029,high
081957,0.0145,0.0242,0.0757,0.464,1,1.23,4.04,4.83,5.23,3.36,1.28,0.0604,low
081960,0.0619,0.103,0.322,1.98,4.36,5.31,15,16.8,19.5,13.5,5.1,0.257,high
081976,0.117,0.195,0.596,3.3,6.83,7.92,18.2,19.9,22.5,16.8,7.28,0.474,high
081982,0.0691,0.115,0.354,2.02,4.18,4.96,12.7,13.9,15.1,11,4.69,0.282,high
081995,0.0146,0.0244,0.0762,0.471,1.03,1.25,4.16,4.9,5.34,3.43,1.28,0.0608,medium
082009,0.0319,0.053,0.163,0.906,1.87,2.23,5.02,5.58,6.45,4.72,2.03,0.13,high
082016,0.0147,0.0246,0.0768,0.474,1.03,1.27,4.19,4.98,5.39,3.46,1.3,0.0613,medium
082021,0.297,0.472,1.22,4.29,7.09,7.98,16,17.4,18.8,14.3,7.43,0.966,high
082037,0.179,0.294,0.846,3.87,7.19,8.21,18,19.8,21.9,16.5,7.66,0.67,high
082042,0.0208,0.0347,0.108,0.676,1.59,2,5.69,6.58,7.98,5.22,1.86,0.0867,high
082055,0.0898,0.149,0.458,2.58,5.35,6.29,15,16.5,19.1,14.1,5.91,0.364,high
082068,0.345,0.548,1.39,4.39,6.78,7.46,13.3,14.2,15.5,12.3,6.92,1.1,high
082074,0.666,1.04,2.49,7.56,12,13.4,26.1,27.9,29.5,23.1,12.6,1.99,high
082080,0.246,0.374,0.857,2.84,4.93,5.62,12.6,13.8,15.3,11.3,5.35,0.692,high
082093,0.0416,0.0692,0.215,1.3,2.81,3.3,8.24,9.08,10.9,7.97,3.16,0.171,high
082107,0.135,0.222,0.658,3.11,5.66,6.42,14.9,16.1,17.6,12.9,6.19,0.521,high
082114,0.108,0.178,0.542,2.92,5.88,6.89,15.1,16.6,18.8,14.3,6.34,0.431,high
082129,0.0162,0.027,0.0844,0.523,1.14,1.36,4.71,5.43,6.07,3.85,1.43,0.0673,medium
082135,0.0425,0.0708,0.22,1.31,2.74,3.21,9.43,10.5,11.6,8.11,3.25,0.175,high
082140,0.0228,0.038,0.119,0.765,1.83,2.16,6.51,7.39,9.24,6.19,2.14,0.0951,high
082153,0.132,0.221,0.682,3.93,8.04,9.44,22.9,25.5,26.8,20.3,9.08,0.543,low
082166,0.00962,0.0161,0.0501,0.306,0.651,0.787,2.58,3.07,3.42,2.22,0.853,0.0401,low
082172,0.0145,0.0242,0.0759,0.483,1.12,1.39,4.42,5.12,6.41,4.08,1.36,0.0606,high
082188,0.0305,0.0508,0.159,0.978,2.1,2.48,7.69,8.73,9.68,6.64,2.54,0.126,high
082191,0.0459,0.0763,0.239,1.49,3.46,4.04,10.8,12.1,14.6,10.4,3.92,0.19,high
082205,0.0313,0.0522,0.163,0.98,2.09,2.54,7.66,8.76,9.52,6.43,2.55,0.13,high
082212,0.0284,0.0472,0.147,0.914,2.06,2.5,6.97,7.88,9.48,6.57,2.41,0.118,high
082227,0.094,0.154,0.45,2.11,3.91,4.49,10.3,11.2,12.4,9.24,4.25,0.356,high
082233,0.0245,0.0409,0.127,0.77,1.64,1.95,6.29,6.99,7.88,5.2,2.01,0.101,high
082248,0.0172,0.0287,0.0896,0.551,1.19,1.44,4.89,5.49,6.18,3.96,1.49,0.0715,medium
082251,0.0133,0.0221,0.0692,0.428,0.937,1.14,3.82,4.55,4.94,3.15,1.17,0.0552,low
082264,0.00995,0.0166,0.0519,0.324,0.696,0.842,2.86,3.28,3.8,2.43,0.892,0.0414,medium
082270,0.0107,0.0179,0.0559,0.348,0.755,0.914,3.04,3.38,3.98,2.56,0.935,0.0447,medium
082286,0.0115,0.0193,0.0601,0.368,0.78,0.939,2.9,3.3,3.74,2.53,0.974,0.0479,low
082299,0.0103,0.0171,0.0536,0.334,0.722,0.868,2.96,3.43,3.85,2.49,0.917,0.0427,medium
082303,0.0245,0.0408,0.128,0.816,1.93,2.28,6.79,7.67,9.58,6.47,2.25,0.102,high
082310,0.0112,0.0186,0.0581,0.368,0.847,1.05,3.31,3.76,4.68,2.97,1.02,0.0465,high
082325,0.0359,0.0598,0.186,1.15,2.47,2.97,8.94,10,11.5,7.79,2.95,0.149,medium
082331,0.0487,0.081,0.248,1.39,2.86,3.51,10.2,11.8,12.6,8.55,3.48,0.197,high
082346,0.153,0.246,0.658,2.5,4.35,5,11.5,12.6,13.5,9.83,4.74,0.521,high
082359,0.386,0.636,1.87,8.61,15.5,17.3,32.2,34.6,37.6,30.3,15.7,1.48,high
082362,0.0258,0.0431,0.135,0.832,1.8,2.17,6.76,7.6,8.76,5.83,2.17,0.107,medium
082378,0.152,0.251,0.742,3.57,6.61,7.68,17.2,19.3,20.3,15.2,7.33,0.589,high
082384,0.0662,0.11,0.339,1.94,4.02,4.74,11.7,12.8,14.9,10.8,4.48,0.269,high
082397,0.023,0.0383,0.119,0.725,1.56,1.87,6.15,6.84,7.71,5,1.91,0.0952,medium
082401,0.0187,0.0311,0.0971,0.602,1.33,1.63,5.06,5.67,6.53,4.32,1.59,0.0775,high
082418,0.0167,0.0279,0.087,0.537,1.17,1.45,4.8,5.58,6.13,3.93,1.48,0.0695,medium
082423,0.056,0.0928,0.281,1.5,2.96,3.43,9.44,10.4,11.7,8.19,3.39,0.222,high
082439,0.0138,0.0231,0.0722,0.448,0.986,1.2,4.02,4.76,5.18,3.31,1.22,0.0576,low
082444,0.027,0.0449,0.14,0.872,1.97,2.43,7.13,8.09,9.65,6.47,2.33,0.112,high
082457,0.0207,0.0344,0.108,0.687,1.57,1.88,5.64,6.38,8.04,5.38,1.87,0.0859,high
082460,0.0225,0.0376,0.117,0.717,1.55,1.9,6.06,7,7.64,5.03,1.93,0.0936,high
082476,0.0276,0.046,0.142,0.82,1.7,2.02,6.03,6.92,7.5,5.03,2.03,0.113,medium
082482,0.0523,0.087,0.269,1.57,3.28,3.86,10.5,11.4,13,9.18,3.75,0.214,high
082495,0.0185,0.0308,0.0959,0.582,1.24,1.49,4.28,4.75,5.41,3.75,1.46,0.0764,medium
082508,0.00928,0.0155,0.0484,0.303,0.659,0.798,2.69,3.07,3.54,2.28,0.828,0.0386,medium
082515,0.028,0.0466,0.144,0.857,1.81,2.16,5.77,6.37,7.53,5.3,2.08,0.115,high
082520,0.00842,0.014,0.0441,0.283,0.649,0.795,2.63,3.02,3.81,2.38,0.794,0.0351,high
082536,0.0288,0.048,0.15,0.912,1.96,2.44,7.6,8.9,9.57,6.32,2.45,0.12,medium
082541,0.0315,0.0526,0.164,0.988,2.12,2.61,7.89,9.16,9.94,6.64,2.6,0.131,medium
082554,0.016,0.0267,0.0836,0.519,1.13,1.35,4.62,5.43,6.03,3.83,1.42,0.0667,medium
082567,0.00596,0.00992,0.0312,0.203,0.485,0.581,1.92,2.21,2.86,1.81,0.585,0.0249,high
082573,0.00945,0.0158,0.0494,0.307,0.66,0.797,2.74,3.13,3.63,2.31,0.848,0.0394,medium
082589,0.0215,0.0359,0.112,0.691,1.5,1.79,6.07,6.93,7.73,4.98,1.87,0.0894,medium
082592,0.299,0.476,1.23,4.53,7.91,9.1,19.9,21.6,23.1,17.4,8.54,0.975,high
082606,0.0297,0.0494,0.154,0.957,2.13,2.52,6.85,7.61,9.26,6.55,2.45,0.123,high
082613,0.0379,0.0631,0.197,1.21,2.63,3.04,8.45,9.63,11.2,7.81,3.04,0.157,high
082628,0.0722,0.12,0.371,2.16,4.42,5.14,13.9,15.3,16.9,12.2,5.11,0.295,high
082634,0.0616,0.103,0.319,1.94,4.28,5.22,14.1,15.8,18.5,13,4.93,0.255,high
082649,0.0452,0.0753,0.234,1.44,3.25,3.87,10.6,11.8,13.6,9.6,3.66,0.187,high
082652,0.0738,0.123,0.376,2.05,4.03,4.8,11.5,13,13.7,10.1,4.6,0.299,high
082665,0.0185,0.0307,0.0941,0.53,1.1,1.31,3.51,3.93,4.73,3.22,1.26,0.0747,high
082671,0.0283,0.0472,0.147,0.9,1.95,2.33,7.1,7.82,9,6.05,2.31,0.117,high
082687,0.0185,0.0309,0.0963,0.574,1.2,1.4,4.41,5.18,5.85,3.87,1.54,0.0769,high
082690,0.03,0.0501,0.156,0.925,1.94,2.34,7.1,8,8.75,5.9,2.38,0.124,high
082704,0.0729,0.121,0.374,2.18,4.72,5.73,14.6,16.2,19.2,13.4,5.31,0.299,high
082711,0.0129,0.0215,0.0672,0.418,0.92,1.12,3.78,4.49,4.89,3.11,1.14,0.0536,medium
082726,0.0192,0.032,0.0999,0.613,1.33,1.65,5.31,6.3,6.79,4.4,1.67,0.0798,medium
082732,0.031,0.0514,0.157,0.873,1.8,2.16,5.98,6.66,7.63,5.18,2.06,0.125,high
082747,0.0187,0.0312,0.0973,0.599,1.28,1.52,4.84,5.55,6.16,4.14,1.57,0.0775,medium
082750,0.0354,0.0587,0.178,0.964,1.93,2.31,6.44,7.41,8.04,5.47,2.27,0.142,medium
082763,0.0163,0.0273,0.0852,0.525,1.14,1.4,4.81,5.43,6.06,3.84,1.44,0.068,medium
082779,0.0284,0.0474,0.148,0.92,2,2.38,7.98,8.9,10.1,6.63,2.48,0.118,high
082785,0.0681,0.113,0.345,1.85,3.64,4.27,10.7,12,12.9,9.3,4.15,0.274,high
082798,0.0378,0.0628,0.194,1.15,2.42,2.87,8.24,9.05,10.3,7.08,2.82,0.155,high
082802,0.022,0.0368,0.115,0.708,1.54,1.92,6.12,7.14,7.85,5.11,1.93,0.0918,low
082819,0.0261,0.0434,0.136,0.862,2.02,2.38,6.97,7.83,9.74,6.64,2.34,0.108,high
082824,0.0858,0.142,0.437,2.47,5.21,5.96,13.9,15.2,18,13.4,5.6,0.347,high
082830,0.0726,0.121,0.367,1.97,3.84,4.45,11,12.2,13.1,9.59,4.36,0.292,high
082845,0.152,0.229,0.549,2.34,4.44,5.01,11.7,13.1,14.9,10.9,4.86,0.446,high
082858,0.0774,0.129,0.395,2.19,4.35,5.14,12.2,13.7,14.4,10.8,4.91,0.315,high
082861,0.111,0.184,0.559,2.95,5.65,6.47,14.7,16,17.6,13.3,6.18,0.443,high
082877,0.0118,0.0197,0.0618,0.39,0.868,1.06,3.59,4.07,4.77,3.04,1.07,0.0493,high
082883,0.0122,0.0203,0.0633,0.392,0.843,1.02,3.33,3.7,4.33,2.81,1.04,0.0506,medium
082896,0.0597,0.0992,0.306,1.75,3.7,4.44,10.8,12.1,14.1,10,4.1,0.244,high
082900,0.013,0.0217,0.068,0.429,0.963,1.18,3.86,4.42,5.25,3.33,1.17,0.0542,high
082917,0.0625,0.104,0.319,1.81,3.66,4.25,11.1,12,13.2,9.62,4.14,0.254,high
082922,0.0248,0.0414,0.129,0.801,1.74,2.09,6.41,7.21,8.26,5.57,2.08,0.103,medium
082938,0.00898,0.015,0.0468,0.285,0.597,0.685,2.22,2.62,3.06,2.05,0.796,0.0374,low
082943,0.0417,0.0694,0.214,1.25,2.67,3.19,8.63,9.64,10.9,7.57,3.01,0.17,high
082956,0.106,0.176,0.532,2.8,5.56,6.54,15.1,16.6,18.6,13.7,6.03,0.423,high
082969,0.0108,0.018,0.0563,0.357,0.838,0.99,2.93,3.31,4.15,2.79,0.974,0.0448,high
082975,0.00773,0.0129,0.0404,0.252,0.541,0.657,2.2,2.54,2.93,1.89,0.694,0.0322,medium
082981,0.116,0.191,0.566,2.74,5.1,5.88,13.7,15.3,16.3,12,5.67,0.448,high
082994,0.0147,0.0245,0.0764,0.467,0.996,1.18,3.92,4.64,5.2,3.35,1.29,0.0611,low
083008,0.171,0.28,0.792,3.49,6.32,7.16,15.8,17,18.5,14.1,6.8,0.627,high
083015,0.0139,0.0231,0.0722,0.454,1.07,1.36,3.98,4.62,5.67,3.64,1.27,0.0578,high
083020,0.0162,0.0271,0.0847,0.527,1.14,1.37,4.45,5.02,5.74,3.8,1.41,0.0675,high
083036,0.0157,0.0262,0.0819,0.506,1.11,1.38,4.52,5.28,5.81,3.72,1.39,0.0654,medium
083041,0.0193,0.0322,0.1,0.616,1.33,1.6,4.7,5.22,5.94,4.12,1.58,0.08,medium
083054,0.0746,0.124,0.38,2.12,4.23,4.94,11.3,12.3,13.8,10.5,4.64,0.302,high
083067,0.0136,0.0226,0.0709,0.453,1.06,1.29,4.33,4.96,5.99,3.76,1.27,0.0566,medium
083073,0.0329,0.0546,0.17,1.03,2.21,2.63,6.85,7.55,9.12,6.57,2.54,0.135,high
083089,0.0139,0.0231,0.0724,0.453,0.984,1.17,4.05,4.71,5.31,3.38,1.23,0.0577,medium
089019,0.0201,0.0335,0.105,0.644,1.4,1.77,5.65,6.56,7.22,4.67,1.77,0.0836,medium
089024,0.0125,0.0208,0.0653,0.415,0.963,1.14,3.61,4.04,4.97,3.26,1.13,0.052,high
089030,0.00958,0.016,0.0499,0.304,0.642,0.755,2.46,2.92,3.33,2.19,0.848,0.0399,low
089045,0.0166,0.0277,0.0868,0.553,1.26,1.54,4.97,5.67,7.04,4.47,1.53,0.0692,high
089058,0.024,0.0399,0.124,0.754,1.66,2.03,5.55,6.23,7.3,5.05,1.92,0.0991,high
170010,0.00707,0.0118,0.0368,0.229,0.493,0.613,1.92,2.26,2.79,1.7,0.634,0.0295,low
170025,0.0243,0.0404,0.126,0.79,1.72,2,5.97,6.93,8.29,5.43,2.05,0.101,high
170031,0.0106,0.0177,0.0553,0.345,0.75,0.948,3.08,3.63,4.16,2.57,0.951,0.0442,low
170046,0.0455,0.0758,0.235,1.43,3.13,3.58,9.09,10.7,13.4,9.06,3.52,0.188,medium
170059,0.00742,0.0124,0.0387,0.251,0.555,0.653,2.06,2.45,3.31,1.95,0.692,0.031,medium
170062,0.00708,0.0118,0.0369,0.224,0.471,0.557,1.75,2.09,2.38,1.6,0.624,0.0295,low
170078,0.0141,0.0235,0.0732,0.458,1.01,1.25,4.06,4.69,5.25,3.37,1.24,0.0585,medium
170084,0.0217,0.0361,0.113,0.694,1.51,1.85,5.59,6.37,7.12,4.73,1.81,0.0899,medium
170097,0.0287,0.0477,0.147,0.837,1.72,2.1,6.03,6.89,7.45,5.02,2.05,0.117,high
170101,0.0413,0.0689,0.214,1.28,2.71,3.33,9.22,10.5,11.6,7.91,3.2,0.171,medium
170118,0.0252,0.0419,0.131,0.829,1.8,2.07,5.8,6.78,8.78,5.66,2.15,0.105,medium
170123,0.0174,0.029,0.0905,0.566,1.2,1.42,4.08,4.71,5.88,3.78,1.46,0.0723,medium
170139,0.206,0.338,0.979,4.56,8.65,9.75,18.8,21.5,24.6,18.9,8.97,0.777,high
170144,0.0109,0.0182,0.0566,0.349,0.744,0.924,2.8,3.27,3.93,2.47,0.946,0.0453,low
170157,0.0616,0.102,0.317,1.91,3.99,4.68,12,13.6,15.7,11.1,4.6,0.253,high
170160,0.0322,0.0536,0.167,1.06,2.28,2.65,7.71,9,11.2,7.27,2.75,0.134,medium
170182,0.0325,0.0542,0.169,1.08,2.46,2.85,8.08,9.75,12.6,8.04,2.87,0.136,medium
170195,0.777,1.24,3.17,9.86,14.5,15.7,24.8,26.5,28,23.4,14.6,2.51,medium
170209,0.0331,0.055,0.171,1.04,2.22,2.62,7.3,8.29,9.43,6.47,2.57,0.136,high
170216,0.0148,0.0247,0.0772,0.487,1.06,1.32,4.27,5.01,5.84,3.61,1.32,0.0618,medium
170221,0.0603,0.1,0.302,1.61,3.19,3.63,8.32,9.59,11.5,7.99,3.5,0.241,high
170237,0.333,0.539,1.51,6.83,12.5,13.7,27.7,30.4,34,26.8,13.2,1.2,high
170242,0.0104,0.0174,0.0543,0.329,0.686,0.805,2.46,2.92,3.35,2.3,0.907,0.0434,low
170255,0.0958,0.159,0.49,2.85,5.84,6.64,16.8,19.1,23,16.1,6.69,0.391,high
170268,0.0298,0.0496,0.154,0.963,2.04,2.39,6.7,7.72,9.56,6.28,2.45,0.123,high
170274,0.102,0.17,0.521,2.89,5.77,6.74,15.4,17,18.4,13.9,6.31,0.415,high
170280,0.015,0.025,0.0781,0.497,1.11,1.35,4.48,5.23,6.06,3.79,1.36,0.0624,medium
170293,0.0157,0.0261,0.0816,0.515,1.11,1.33,4.11,4.78,6.05,3.72,1.38,0.0653,low
170307,0.00555,0.00925,0.0289,0.186,0.408,0.486,1.54,1.84,2.46,1.44,0.515,0.0232,medium
170314,0.0158,0.0262,0.082,0.518,1.12,1.37,4.36,5.11,6.16,3.81,1.4,0.0656,medium
170329,0.0172,0.0287,0.089,0.537,1.16,1.36,3.6,4.29,5.46,3.59,1.35,0.0711,low
170335,0.0291,0.0485,0.151,0.926,1.99,2.28,6.48,7.51,8.95,6,2.34,0.12,high
170340,0.0334,0.0556,0.171,0.988,2.1,2.43,5.65,6.62,7.78,5.55,2.31,0.137,high
170353,0.0129,0.0214,0.067,0.427,0.941,1.13,3.66,4.3,5.22,3.21,1.16,0.0536,medium
170366,0.0119,0.0199,0.0622,0.377,0.8,0.98,3.07,3.64,3.99,2.65,1.03,0.0497,low
170372,0.00952,0.0159,0.0496,0.302,0.632,0.751,2.34,2.79,3.19,2.16,0.842,0.0397,low
170388,0.0205,0.0341,0.107,0.683,1.51,1.77,5.66,6.67,8.12,5.11,1.85,0.0854,medium
170391,0.0146,0.0243,0.0759,0.464,0.995,1.26,3.96,4.68,5.12,3.33,1.28,0.0607,low
170405,0.011,0.0184,0.0574,0.364,0.804,0.977,3.19,3.71,4.38,2.72,0.987,0.0459,medium
170412,0.00679,0.0113,0.0353,0.223,0.48,0.594,1.87,2.21,2.83,1.69,0.62,0.0283,low
170427,0.0199,0.0331,0.102,0.601,1.23,1.49,4.04,4.66,5.75,3.71,1.5,0.0816,medium
170433,0.00928,0.0155,0.0484,0.294,0.611,0.701,2.16,2.58,3.03,2.1,0.82,0.0387,low
170448,0.0848,0.139,0.401,1.78,3.18,3.52,7.93,9.09,10.9,7.56,3.48,0.318,high
170464,0.0834,0.139,0.428,2.44,4.95,5.99,14.3,16.2,17.2,12.7,5.63,0.341,low
170470,0.0331,0.0551,0.17,0.993,2.04,2.32,5.56,6.37,7.87,5.46,2.3,0.136,high
170486,0.0421,0.0702,0.218,1.32,2.87,3.34,8.67,10.2,12.1,8.37,3.35,0.174,high
170499,0.812,1.19,2.52,8.08,13.7,15,29.8,32.8,37.6,28.9,14.6,2.07,high
170502,0.14,0.229,0.673,3.23,5.99,6.69,15.6,17.7,21.2,14.9,6.66,0.534,high
170519,0.00926,0.0154,0.0482,0.305,0.664,0.816,2.67,3.15,3.87,2.32,0.842,0.0386,low
170524,0.0116,0.0193,0.0603,0.388,0.855,0.995,3,3.55,4.72,2.88,1.05,0.0482,medium
170545,0.0257,0.0427,0.131,0.731,1.47,1.73,4.35,5.08,6.41,4.15,1.71,0.104,low
170558,0.0568,0.0944,0.292,1.74,3.65,4.17,10.6,12.2,15.2,10.2,4.16,0.233,high
170561,0.0614,0.101,0.303,1.61,3.18,3.69,9.58,10.9,12.9,8.74,3.64,0.241,high
170577,0.0379,0.0632,0.197,1.21,2.66,3.12,8.63,10.2,12.7,8.15,3.13,0.157,medium
170583,0.0209,0.0348,0.109,0.689,1.5,1.82,5.74,6.7,8.08,5.04,1.85,0.087,medium
170600,0.00736,0.0123,0.0383,0.24,0.518,0.644,2.06,2.43,2.99,1.81,0.667,0.0307,low
170617,0.00566,0.00945,0.0295,0.18,0.377,0.444,1.41,1.68,1.93,1.3,0.503,0.0236,low
170622,0.179,0.293,0.841,4.05,7.89,8.82,18.7,21.2,25,18.7,8.4,0.669,high
170638,0.0165,0.0275,0.0858,0.529,1.15,1.43,4.68,5.44,5.97,3.85,1.45,0.0685,medium
170643,0.0063,0.0105,0.0328,0.207,0.45,0.552,1.73,2.06,2.72,1.59,0.578,0.0263,low
170656,0.0228,0.0379,0.118,0.742,1.6,1.93,5.84,6.77,8.08,5.17,1.95,0.0947,high
170669,0.0198,0.0329,0.103,0.642,1.38,1.62,4.62,5.36,6.85,4.36,1.67,0.0821,high
170675,0.0489,0.0815,0.254,1.59,3.49,4.07,11.3,13.2,16.4,10.7,4.12,0.203,high
170681,0.0483,0.0804,0.248,1.48,3.16,3.66,9.84,11.6,14.5,9.39,3.67,0.198,medium
170694,0.00649,0.0108,0.0338,0.206,0.431,0.506,1.58,1.88,2.16,1.47,0.573,0.0271,low
170708,0.0327,0.0546,0.171,1.08,2.5,2.97,8.44,10.4,13,8.25,2.92,0.137,high
170715,0.0204,0.0339,0.106,0.666,1.44,1.72,5.2,6.05,7.31,4.65,1.74,0.0847,medium
170736,0.0707,0.117,0.355,1.94,3.87,4.39,10.9,12.3,14.2,10.1,4.34,0.283,high
170741,0.0157,0.0262,0.0817,0.518,1.13,1.31,3.73,4.35,5.64,3.59,1.35,0.0653,high
170754,0.0161,0.0269,0.0841,0.539,1.18,1.38,4.22,4.97,6.49,3.98,1.45,0.0672,medium
170767,0.0252,0.042,0.131,0.846,1.89,2.21,6.72,8.02,10.5,6.43,2.31,0.105,medium
170773,0.0103,0.0172,0.0536,0.333,0.722,0.851,2.39,2.82,3.63,2.3,0.867,0.0429,medium
170789,0.00496,0.00827,0.0258,0.157,0.328,0.377,1.18,1.41,1.64,1.13,0.439,0.0206,low
170792,0.25,0.411,1.2,5.58,9.93,10.9,21.4,23.4,26.2,20.4,10.4,0.953,high
170806,0.00868,0.0145,0.0453,0.276,0.583,0.701,2.24,2.68,3.01,1.99,0.77,0.0362,low
170813,0.0835,0.139,0.431,2.58,5.65,6.6,16.1,19,22.8,15.8,6.29,0.344,medium
170828,0.00581,0.0097,0.0303,0.184,0.385,0.445,1.4,1.67,1.94,1.33,0.516,0.0242,low
170834,0.0397,0.0662,0.206,1.28,2.82,3.39,9.87,11.3,12.7,8.67,3.31,0.165,high
170849,0.00614,0.0102,0.032,0.195,0.407,0.474,1.49,1.77,2.05,1.39,0.542,0.0256,low
170852,0.0574,0.0954,0.295,1.75,3.68,4.21,10.7,12.4,15.5,10.4,4.21,0.235,medium
170865,0.00764,0.0127,0.0397,0.25,0.537,0.665,2.06,2.43,3.09,1.87,0.693,0.0318,low
170871,0.0468,0.0779,0.243,1.54,3.35,3.88,11.4,13.2,16.4,10.7,4.04,0.195,high
170887,0.0148,0.0247,0.0771,0.484,1.04,1.27,3.99,4.67,5.62,3.49,1.3,0.0617,low
170890,0.0123,0.0205,0.0637,0.39,0.842,0.965,2.77,3.28,4.05,2.64,1.01,0.0509,high
170904,0.0209,0.0348,0.109,0.684,1.5,1.73,5.26,6.22,7.74,4.9,1.82,0.087,medium
170911,0.0117,0.0196,0.0611,0.372,0.783,0.951,2.95,3.52,3.97,2.66,1.04,0.0489,low
170926,0.0192,0.0319,0.0986,0.579,1.2,1.42,3.58,4.17,5.2,3.45,1.4,0.0787,high
170932,0.00883,0.0147,0.0459,0.292,0.632,0.758,2.38,2.78,3.6,2.17,0.794,0.0368,medium
170947,0.0108,0.0181,0.0565,0.342,0.708,0.803,2.44,2.89,3.39,2.39,0.945,0.0452,medium
170950,0.275,0.425,1.02,3.63,6.35,6.94,14.5,16.1,18.4,14,6.82,0.819,high
170963,0.0129,0.0215,0.0672,0.411,0.88,1.08,3.5,4.18,4.57,2.97,1.14,0.0537,medium
170979,0.0271,0.0451,0.141,0.901,2.02,2.37,7.26,8.65,11,6.81,2.46,0.113,medium
170985,0.0147,0.0244,0.0763,0.483,1.05,1.29,4.18,4.9,5.8,3.59,1.31,0.061,medium
170998,0.00418,0.00698,0.0218,0.133,0.276,0.31,0.977,1.16,1.39,0.96,0.372,0.0174,low
171002,0.00776,0.0129,0.0404,0.257,0.56,0.668,2.06,2.43,3.2,1.92,0.701,0.0323,medium
171019,0.0198,0.033,0.103,0.634,1.38,1.65,4.99,5.77,6.58,4.32,1.64,0.082,medium
171024,0.00883,0.0147,0.0459,0.279,0.592,0.74,2.26,2.66,3.13,1.96,0.756,0.0367,low
171030,0.0796,0.132,0.4,2.16,4.29,4.89,12,13.5,15.3,11,4.76,0.318,high
171058,0.017,0.0283,0.0884,0.552,1.21,1.52,4.89,5.69,6.39,4.06,1.5,0.0707,medium
171061,0.0103,0.0171,0.0533,0.336,0.728,0.875,2.65,3.12,4.08,2.47,0.913,0.0427,low
171077,0.0124,0.0207,0.0647,0.393,0.827,1,3.1,3.69,4.19,2.81,1.09,0.0517,low
171096,0.0162,0.027,0.0841,0.516,1.11,1.41,4.4,5.16,5.69,3.64,1.39,0.0672,medium
171100,0.0205,0.0342,0.106,0.638,1.41,1.65,4.1,4.91,5.89,4.06,1.58,0.0848,high
171117,0.031,0.0515,0.161,1.01,2.16,2.54,7.35,8.51,10.5,6.81,2.61,0.129,medium
171122,0.0128,0.0214,0.0667,0.406,0.858,1.05,3.27,3.9,4.35,2.91,1.13,0.0533,low
171143,0.21,0.342,0.95,3.85,6.66,7.72,16.1,17.9,19,14.4,7.22,0.751,high
171156,0.017,0.0282,0.0883,0.561,1.21,1.43,4.31,5.04,6.41,4,1.49,0.0706,medium
171169,0.0141,0.0235,0.0733,0.458,1.01,1.26,4.16,4.8,5.37,3.41,1.25,0.0586,medium
171175,0.0598,0.0997,0.308,1.83,4.01,4.67,11,13.1,15.4,11,4.43,0.246,high
171181,0.0282,0.0471,0.146,0.888,1.98,2.32,5.91,7.07,8.47,5.8,2.24,0.117,high
171194,0.0164,0.0273,0.0852,0.544,1.19,1.39,4.09,4.82,6.36,3.93,1.45,0.0681,medium
171208,0.0154,0.0257,0.0798,0.489,1.05,1.23,3.33,3.93,5.03,3.25,1.24,0.0638,medium
171215,0.0316,0.0527,0.164,1.02,2.31,2.74,7.46,9.1,11.3,7.29,2.66,0.131,medium
171236,0.0172,0.0287,0.0898,0.573,1.26,1.5,4.8,5.63,6.88,4.28,1.55,0.0718,medium
171241,0.233,0.383,1.12,5.3,10.1,11.4,22.3,25.5,29.2,22.2,10.5,0.888,high
171254,0.0121,0.0203,0.0633,0.385,0.807,0.971,3,3.58,4.06,2.75,1.07,0.0506,low
171267,0.0507,0.0845,0.262,1.57,3.4,3.96,10.2,12,14.6,9.77,3.88,0.209,medium
171289,0.00859,0.0143,0.0448,0.284,0.629,0.742,2.22,2.66,3.52,2.15,0.768,0.0358,medium
171292,0.0117,0.0194,0.0606,0.382,0.842,0.99,2.87,3.42,4.47,2.79,1.02,0.0485,low
171306,0.0948,0.158,0.487,2.87,6.03,6.95,16.5,18.9,22.4,15.8,6.75,0.389,high
171328,0.00846,0.0141,0.0441,0.281,0.617,0.732,2.25,2.67,3.55,2.13,0.768,0.0353,high
171334,0.0265,0.0442,0.138,0.84,1.81,2.27,6.9,7.97,8.72,5.77,2.23,0.11,medium
171349,0.00807,0.0135,0.0421,0.256,0.536,0.634,1.99,2.37,2.72,1.84,0.716,0.0336,low
171352,0.0101,0.0168,0.0527,0.337,0.731,0.879,2.82,3.31,4.29,2.56,0.925,0.0422,low
171365,0.0232,0.0385,0.12,0.766,1.65,1.95,5.86,6.85,8.68,5.45,2.03,0.0963,medium
171371,0.0159,0.0264,0.0825,0.518,1.13,1.38,4.31,4.98,5.83,3.7,1.38,0.066,high
171387,0.00882,0.0147,0.0459,0.29,0.639,0.778,2.41,2.91,3.85,2.27,0.807,0.0368,low
171390,0.0667,0.111,0.343,1.96,4.02,4.93,12.9,14.7,15.8,11.1,4.73,0.273,medium
171404,0.0084,0.014,0.0437,0.275,0.613,0.727,2.08,2.52,3.29,2.07,0.734,0.035,medium
171411,0.00979,0.0163,0.051,0.309,0.644,0.756,2.31,2.75,3.15,2.17,0.853,0.0407,low
171426,0.0249,0.0415,0.129,0.817,1.79,2.08,6.28,7.39,9.21,5.86,2.17,0.104,high
171432,0.00639,0.0106,0.0332,0.21,0.458,0.558,1.74,2.08,2.76,1.62,0.583,0.0266,low
171447,0.0278,0.0464,0.145,0.92,2.15,2.57,7.26,9.03,11.2,7.25,2.52,0.116,medium
171450,0.0103,0.0172,0.0536,0.326,0.681,0.813,2.5,2.99,3.4,2.31,0.904,0.0428,low
171463,0.0956,0.158,0.475,2.41,4.59,5.35,12.4,13.7,14.7,10.8,5.01,0.377,high
171479,0.0283,0.047,0.145,0.825,1.69,2.07,6.03,7.07,7.6,5.16,2.1,0.115,medium
171485,0.0426,0.0706,0.214,1.19,2.44,2.87,7.98,9.14,10.4,7.01,2.82,0.17,medium
171498,0.0215,0.0359,0.112,0.687,1.49,1.89,5.94,7.04,7.55,4.92,1.88,0.0894,medium
171501,0.0384,0.0638,0.198,1.19,2.5,2.88,8.07,9.3,11,7.38,2.91,0.158,high
171518,0.00936,0.0156,0.0488,0.315,0.697,0.811,2.47,2.93,3.91,2.37,0.856,0.039,medium
171523,0.0608,0.101,0.304,1.61,3.16,3.6,7.83,8.99,10.8,7.82,3.44,0.242,high
171539,0.225,0.371,1.11,5.58,10.5,11.7,23.2,25.8,29.6,22.5,11,0.883,high
171544,0.0122,0.0203,0.0633,0.395,0.863,1.09,3.55,4.18,4.73,2.94,1.09,0.0506,medium
171557,0.0512,0.0851,0.265,1.66,3.57,4.16,11.7,13.4,15.7,10.8,4.2,0.212,high
171576,0.0113,0.0188,0.0589,0.38,0.849,0.997,3.33,3.96,4.88,2.98,1.05,0.0471,medium
171582,0.00913,0.0152,0.0474,0.298,0.645,0.787,2.43,2.87,3.77,2.23,0.822,0.038,low
171595,0.0191,0.0318,0.0995,0.626,1.39,1.71,5.59,6.53,7.37,4.69,1.7,0.0795,high
171609,0.0226,0.0376,0.117,0.736,1.64,1.93,5.44,6.52,7.9,5.22,1.97,0.0939,medium
171616,0.0381,0.0635,0.194,1.08,2.19,2.69,7.47,8.59,9.25,6.3,2.61,0.155,medium
171621,0.0155,0.0258,0.0806,0.508,1.11,1.39,4.53,5.32,6.09,3.79,1.38,0.0645,high
171637,0.0215,0.0358,0.111,0.681,1.45,1.7,4.86,5.59,6.55,4.37,1.7,0.0888,high
171642,0.0183,0.0306,0.0956,0.589,1.29,1.61,5.17,5.99,6.58,4.26,1.6,0.0763,medium
171655,0.0305,0.0508,0.158,0.964,2.06,2.56,7.46,8.61,9.46,6.32,2.48,0.126,medium
171668,0.0259,0.0431,0.135,0.867,1.93,2.24,6.82,8.12,10.5,6.5,2.35,0.108,high
171674,0.0154,0.0257,0.0802,0.488,1.04,1.31,4.06,4.81,5.2,3.44,1.33,0.0641,medium
171680,0.0478,0.0795,0.248,1.55,3.34,3.86,11,12.8,15.8,10.4,4,0.198,medium
171693,0.0667,0.111,0.342,2.04,4.25,4.88,13,14.8,17.7,12.2,4.91,0.273,high
171707,0.0195,0.0325,0.102,0.62,1.33,1.69,5.3,6.29,6.75,4.43,1.71,0.0811,low
171714,0.0091,0.0152,0.0474,0.299,0.649,0.805,2.64,3.11,3.74,2.26,0.823,0.0379,low
171729,0.0101,0.0169,0.0528,0.336,0.746,0.912,3.02,3.53,4.11,2.56,0.918,0.0422,medium
171735,0.036,0.06,0.187,1.19,2.62,3.05,9.17,10.8,13.5,8.65,3.19,0.15,medium
171740,0.0141,0.0236,0.0736,0.466,1.03,1.27,4.16,4.85,5.66,3.5,1.27,0.0589,medium
171753,0.0214,0.0356,0.111,0.703,1.53,1.77,5.01,5.85,7.6,4.83,1.83,0.0888,low
171766,0.0233,0.0387,0.121,0.771,1.69,1.96,5.72,6.74,8.77,5.5,2.04,0.0968,medium
171772,0.0169,0.0282,0.0879,0.532,1.13,1.42,4.32,5.08,5.53,3.68,1.45,0.0702,low
171788,0.0283,0.0472,0.147,0.921,1.98,2.28,6.21,7.24,9.3,6.08,2.35,0.117,high
171805,0.0397,0.066,0.203,1.18,2.46,2.92,8.09,9.16,10.2,6.97,2.83,0.162,high
171812,0.04,0.0651,0.181,0.778,1.46,1.65,3.95,4.64,5.53,3.8,1.64,0.144,high
171827,0.0986,0.164,0.51,3.12,6.53,7.49,18.6,21,25.4,18,7.5,0.407,high
171833,0.0146,0.0244,0.0763,0.476,1.05,1.32,4.27,4.97,5.55,3.52,1.3,0.061,medium
171848,0.0212,0.0354,0.111,0.683,1.48,1.87,5.81,6.78,7.47,4.84,1.83,0.0883,high
171851,0.0364,0.0606,0.188,1.12,2.34,2.9,8.09,9.39,10.2,6.91,2.79,0.15,medium
171864,0.0624,0.103,0.318,1.81,3.64,4.14,10.2,11.6,13.4,9.51,4.06,0.253,high
171870,0.0196,0.0326,0.102,0.657,1.46,1.7,5.21,6.2,8.05,4.96,1.79,0.0817,medium
171886,0.00926,0.0154,0.0482,0.305,0.687,0.818,2.39,2.91,3.8,2.38,0.829,0.0386,low
171899,0.0146,0.0244,0.0762,0.473,1.03,1.28,3.99,4.57,5.08,3.34,1.26,0.0609,medium
171903,0.014,0.0232,0.0726,0.457,0.997,1.23,3.93,4.61,5.37,3.35,1.23,0.0581,medium
171910,0.0251,0.042,0.131,0.835,1.93,2.3,6.71,8.27,10.5,6.51,2.28,0.105,medium
171925,0.00941,0.0157,0.0491,0.298,0.621,0.722,2.22,2.65,3.1,2.14,0.833,0.0392,low
171931,0.034,0.0566,0.176,1.1,2.39,2.81,8.35,9.63,11.2,7.43,2.83,0.141,high
171946,0.0129,0.0215,0.0672,0.416,0.912,1.15,3.73,4.32,4.8,3.07,1.15,0.0537,medium
171959,0.0574,0.0957,0.297,1.82,3.98,4.57,11.7,13.8,17.1,11.6,4.51,0.237,high
171962,0.00976,0.0163,0.0508,0.321,0.696,0.85,2.73,3.21,3.98,2.4,0.878,0.0406,medium
171978,0.039,0.0651,0.203,1.27,2.92,3.47,9.5,11.5,14.1,9.3,3.39,0.162,medium
171984,0.0137,0.0228,0.0714,0.46,1.02,1.18,3.58,4.24,5.64,3.44,1.24,0.0571,medium
171997,0.132,0.217,0.626,2.92,5.65,6.39,14.1,16.5,19.8,14,6.07,0.497,high
172001,0.0238,0.0397,0.123,0.748,1.59,1.98,5.75,6.65,7.33,4.86,1.92,0.0986,low
172018,0.00852,0.0142,0.0444,0.271,0.568,0.674,2.12,2.53,2.89,1.95,0.755,0.0355,low
172023,0.0116,0.0193,0.0602,0.381,0.847,0.96,2.88,3.43,4.27,2.8,1.03,0.0482,high
172039,0.0504,0.084,0.262,1.62,3.56,4.17,11.3,13.3,16.4,10.8,4.18,0.209,low
172044,0.106,0.176,0.544,3.22,6.91,7.92,19,22.2,26.9,18.9,7.64,0.434,high
172057,0.0276,0.046,0.143,0.894,2.03,2.41,6.67,8.15,10.2,6.5,2.36,0.115,medium
172060,0.00542,0.00905,0.0283,0.172,0.362,0.427,1.37,1.63,1.87,1.25,0.482,0.0226,low
172076,0.0345,0.0576,0.179,1.08,2.3,2.88,8.63,10.1,10.8,7.24,2.85,0.143,high
172082,0.0145,0.0242,0.0755,0.464,1,1.27,3.99,4.73,5.13,3.32,1.26,0.0603,medium
172095,0.00895,0.0149,0.0467,0.296,0.69,0.824,2.41,2.99,3.73,2.35,0.818,0.0373,medium
172109,0.0167,0.0278,0.0868,0.558,1.24,1.44,4.33,5.16,6.82,4.18,1.51,0.0694,high
172116,0.0279,0.0465,0.145,0.933,2.1,2.44,7.28,8.72,11.4,7.04,2.53,0.116,medium
172121,0.0287,0.0479,0.149,0.913,1.97,2.47,7.73,9.07,9.75,6.43,2.48,0.119,medium
172137,0.0581,0.0959,0.287,1.49,2.88,3.22,7.55,8.54,9.91,7.12,3.17,0.228,high
172142,0.0122,0.0203,0.0633,0.401,0.87,1.03,3.05,3.57,4.65,2.88,1.07,0.0506,low
172155,0.0259,0.0431,0.135,0.857,1.88,2.2,6.75,7.86,9.44,6.13,2.27,0.108,high
172168,0.0253,0.0422,0.132,0.846,1.86,2.16,6.64,7.86,9.98,6.26,2.28,0.106,medium
172174,0.026,0.0433,0.135,0.854,1.92,2.22,6.24,7.47,9.61,6.15,2.24,0.108,medium
172180,0.0314,0.0522,0.163,1.03,2.22,2.6,7.76,9.09,11.3,7.22,2.7,0.13,high
172207,0.0233,0.0389,0.121,0.736,1.58,1.95,6.14,7.04,7.68,5.05,1.96,0.0969,high
172214,0.0121,0.0201,0.0629,0.402,0.877,1.04,3.16,3.71,4.81,2.96,1.09,0.0504,high
172229,0.0181,0.0301,0.0942,0.608,1.36,1.59,4.93,5.9,7.78,4.7,1.67,0.0753,low
172235,0.0189,0.0315,0.0969,0.561,1.15,1.33,3.25,3.77,4.73,3.17,1.31,0.0773,medium
172240,0.0113,0.0188,0.0587,0.357,0.748,0.897,2.77,3.3,3.76,2.55,0.993,0.0469,low
172253,0.017,0.0282,0.0882,0.561,1.22,1.41,3.98,4.65,6.04,3.87,1.46,0.0705,low
172266,0.0396,0.066,0.206,1.28,2.73,3.14,8.32,9.56,12.1,8.06,3.2,0.164,high
172272,0.00777,0.0129,0.0404,0.253,0.553,0.67,2,2.39,3.11,1.89,0.689,0.0323,low
172288,0.0102,0.017,0.0531,0.341,0.743,0.888,2.86,3.37,4.37,2.61,0.937,0.0425,medium
172305,0.013,0.0216,0.0675,0.428,0.932,1.1,3.3,3.88,5.07,3.11,1.15,0.054,medium
172327,0.0268,0.0446,0.14,0.895,2,2.33,6.95,8.27,10.7,6.66,2.42,0.112,high
172333,0.0251,0.0417,0.13,0.811,1.77,2.09,6.29,7.26,8.45,5.55,2.1,0.104,high
172348,0.0115,0.0191,0.0596,0.38,0.823,0.991,3.15,3.69,4.76,2.86,1.04,0.0477,low
179011,0.014,0.0234,0.073,0.463,1.04,1.24,3.82,4.63,5.9,3.57,1.28,0.0584,high
179026,0.0151,0.0252,0.0787,0.499,1.16,1.38,4,4.95,6.21,3.9,1.37,0.063,high
179032,0.0161,0.0268,0.0834,0.521,1.14,1.38,4.24,4.88,5.55,3.64,1.37,0.0667,medium
250019,0.00783,0.0131,0.0408,0.25,0.526,0.611,2.03,2.36,2.82,1.81,0.693,0.0326,low
250024,0.00481,0.00803,0.0252,0.156,0.33,0.389,1.32,1.53,1.84,1.16,0.431,0.0201,low
250030,0.00478,0.00798,0.0249,0.157,0.329,0.382,1.33,1.48,1.83,1.15,0.422,0.0199,medium
250045,0.0029,0.00485,0.0151,0.0954,0.201,0.23,0.811,0.912,1.19,0.733,0.266,0.0121,low
250058,0.00298,0.00497,0.0155,0.0947,0.199,0.233,0.752,0.889,1.04,0.688,0.265,0.0124,low
250061,0.00242,0.00404,0.0126,0.0791,0.166,0.197,0.684,0.765,0.979,0.603,0.221,0.0101,low
250077,0.00222,0.0037200000000000002,0.0116,0.073,0.154,0.175,0.608,0.689,0.913,0.564,0.205,0.00927,low
250083,0.00854,0.0143,0.0446,0.279,0.584,0.663,2.25,2.54,3.24,2.05,0.761,0.0355,medium
250096,0.00346,0.00577,0.018,0.112,0.234,0.279,0.975,1.09,1.34,0.835,0.312,0.0144,low
250100,0.00123,0.00205,0.00642,0.0404,0.0854,0.0986,0.343,0.387,0.512,0.316,0.114,0.00512,low
250117,0.00325,0.00543,0.017,0.107,0.224,0.254,0.868,0.993,1.31,0.819,0.298,0.0135,low
250122,0.0059,0.00985,0.0308,0.193,0.404,0.458,1.56,1.75,2.27,1.43,0.529,0.0245,medium
250138,0.0389,0.0649,0.201,1.18,2.36,2.64,7.82,8.73,10.8,7.24,2.92,0.16,low
250143,0.00148,0.00248,0.00775,0.0488,0.103,0.119,0.412,0.464,0.613,0.379,0.137,0.00618,medium
250156,0.0103,0.0172,0.0537,0.337,0.703,0.802,2.71,3.07,3.9,2.46,0.916,0.0428,low
250169,0.0184,0.0308,0.096,0.597,1.24,1.39,4.55,5.12,6.54,4.23,1.6,0.0765,medium
250175,0.00202,0.00337,0.0105,0.0643,0.133,0.149,0.47,0.558,0.673,0.468,0.181,0.00842,low
250194,0.049,0.0817,0.253,1.48,2.95,3.25,9.05,10.1,12.3,8.63,3.6,0.201,low
250208,9.09e-4,0.00152,0.00474,0.0298,0.0631,0.0749,0.248,0.287,0.372,0.233,0.0841,0.00379,low
250215,0.0171,0.0286,0.0896,0.563,1.18,1.32,4.43,5.01,6.4,4.08,1.52,0.0714,low
250220,0.00387,0.00647,0.0203,0.127,0.267,0.314,1.11,1.27,1.55,0.956,0.35,0.0161,low
250236,0.00774,0.0129,0.0404,0.252,0.526,0.59,1.97,2.22,2.87,1.84,0.686,0.0322,medium
250241,0.00219,0.00366,0.0114,0.0698,0.144,0.162,0.506,0.603,0.726,0.507,0.196,0.00914,low
250254,0.00172,0.00287,0.00896,0.0546,0.113,0.126,0.394,0.47,0.568,0.397,0.154,0.00716,low
250273,0.00495,0.00827,0.0258,0.162,0.34,0.397,1.39,1.55,1.92,1.21,0.443,0.0206,medium
250292,0.0232,0.0384,0.114,0.557,0.988,1.1,2.6,2.81,3.29,2.37,1.12,0.0906,medium
250306,0.00287,0.0048,0.015,0.0914,0.191,0.223,0.709,0.843,0.99,0.665,0.257,0.012,low
250313,0.00116,0.00193,0.00603,0.0368,0.0769,0.0906,0.281,0.338,0.392,0.269,0.104,0.00482,low
250328,0.00262,0.00437,0.0136,0.0833,0.174,0.202,0.648,0.769,0.905,0.607,0.234,0.0109,low
250334,0.00312,0.0052,0.0163,0.102,0.215,0.247,0.853,0.957,1.25,0.776,0.284,0.013,medium
250349,0.00445,0.0074400000000000004,0.0233,0.146,0.308,0.363,1.28,1.47,1.77,1.09,0.4,0.0186,medium
250352,0.00552,0.00923,0.0289,0.182,0.384,0.44,1.56,1.76,2.24,1.38,0.499,0.023,low
250365,0.00173,0.00289,0.00905,0.0569,0.12,0.139,0.488,0.547,0.719,0.44,0.159,0.00722,low
250371,0.00513,0.00856,0.0268,0.168,0.352,0.413,1.43,1.64,2.01,1.25,0.461,0.0214,low
250387,0.0011,0.00184,0.00576,0.0363,0.0767,0.0883,0.3,0.344,0.456,0.284,0.102,0.0046,low
250390,0.0111,0.0186,0.0581,0.353,0.74,0.854,2.72,3.17,3.8,2.51,0.976,0.0464,medium
250404,0.0129,0.0215,0.0672,0.416,0.859,0.98,3.16,3.54,4.39,2.86,1.09,0.0535,medium
250411,0.00352,0.00588,0.0184,0.116,0.244,0.284,1.02,1.14,1.44,0.885,0.32,0.0147,medium
250426,0.00607,0.0101,0.0317,0.197,0.419,0.495,1.72,1.99,2.35,1.47,0.543,0.0253,medium
250432,0.00234,0.0039,0.0122,0.0743,0.154,0.17,0.539,0.635,0.775,0.54,0.209,0.00974,low
250447,0.00652,0.0109,0.0341,0.214,0.458,0.542,1.9,2.2,2.6,1.6,0.585,0.0272,medium
250450,9.27e-4,0.00155,0.00483,0.0295,0.0618,0.0739,0.229,0.276,0.317,0.216,0.0831,0.00386,low
250463,0.00478,0.00798,0.0249,0.157,0.328,0.383,1.34,1.5,1.85,1.17,0.43,0.0199,medium
250479,0.00589,0.00984,0.0308,0.194,0.407,0.465,1.63,1.83,2.31,1.44,0.527,0.0245,medium
250485,0.00455,0.0076,0.0237,0.149,0.314,0.359,1.25,1.4,1.8,1.13,0.413,0.0189,medium
250498,0.00633,0.0106,0.033,0.208,0.436,0.499,1.73,1.93,2.42,1.52,0.56,0.0263,low
250501,0.00652,0.0109,0.034,0.212,0.442,0.513,1.74,1.94,2.37,1.53,0.572,0.0271,medium
250518,0.00453,0.00756,0.0236,0.144,0.301,0.35,1.11,1.32,1.54,1.04,0.403,0.0189,low
250523,0.015,0.0249,0.0765,0.437,0.855,0.95,2.69,2.97,3.65,2.48,1.03,0.0609,medium
250539,0.0217,0.0361,0.111,0.63,1.22,1.34,3.56,3.91,4.79,3.36,1.46,0.0882,medium
250557,0.00471,0.00786,0.0246,0.153,0.329,0.395,1.37,1.59,1.85,1.15,0.423,0.0196,low
250560,0.00117,0.00195,0.0061,0.0385,0.0815,0.0991,0.334,0.38,0.482,0.301,0.108,0.00488,low
250576,0.0014,0.00233,0.00728,0.0444,0.0921,0.105,0.328,0.39,0.466,0.323,0.125,0.00582,low
250582,0.00486,0.00812,0.0253,0.158,0.328,0.384,1.31,1.45,1.8,1.15,0.429,0.0202,medium
250595,0.00106,0.00176,0.00551,0.0336,0.0703,0.0834,0.259,0.311,0.359,0.245,0.0946,0.0044,low
250609,0.0042,0.00701,0.0219,0.139,0.295,0.349,1.25,1.4,1.71,1.05,0.38,0.0175,low
250616,0.00505,0.00843,0.0263,0.161,0.338,0.391,1.29,1.51,1.8,1.17,0.45,0.021,medium
250621,0.00466,0.00778,0.0244,0.153,0.321,0.375,1.31,1.5,1.84,1.14,0.42,0.0194,medium
250637,0.00104,0.00173,0.0054,0.033,0.0687,0.0805,0.249,0.3,0.35,0.241,0.0929,0.00432,low
250642,0.00566,0.00945,0.0296,0.185,0.396,0.472,1.63,1.92,2.23,1.38,0.508,0.0236,low
250674,0.00239,0.004,0.0125,0.0785,0.165,0.193,0.675,0.754,0.974,0.601,0.219,0.00998,medium
250680,0.0053,0.00884,0.0276,0.174,0.364,0.422,1.48,1.65,2.05,1.29,0.475,0.022,medium
250693,0.00648,0.0108,0.0339,0.214,0.448,0.514,1.79,2.03,2.59,1.61,0.589,0.027,low
250707,0.00396,0.00661,0.0207,0.131,0.276,0.318,1.14,1.28,1.62,0.995,0.359,0.0165,low
250714,0.0031,0.00518,0.0162,0.0987,0.206,0.238,0.767,0.909,1.07,0.719,0.277,0.0129,low
250729,0.015,0.025,0.0772,0.455,0.923,1.09,3.26,3.67,4.26,2.88,1.14,0.0615,high
250735,0.00252,0.00421,0.0131,0.0819,0.171,0.204,0.715,0.799,0.998,0.616,0.229,0.0105,medium
250740,0.00494,0.00825,0.0258,0.162,0.34,0.403,1.42,1.58,1.94,1.22,0.447,0.0206,low
250753,0.00723,0.0121,0.0377,0.233,0.501,0.597,2.04,2.39,2.71,1.72,0.64,0.0301,low
250766,0.00152,0.00254,0.00795,0.05,0.105,0.123,0.431,0.483,0.632,0.386,0.14,0.00635,low
250772,0.00601,0.01,0.0313,0.192,0.405,0.474,1.59,1.86,2.2,1.4,0.535,0.025,medium
250788,0.00667,0.0111,0.0348,0.218,0.457,0.515,1.77,1.98,2.56,1.61,0.598,0.0278,medium
250791,0.00396,0.00661,0.0207,0.131,0.275,0.318,1.14,1.28,1.6,0.987,0.358,0.0165,medium
250812,0.00515,0.0086,0.0269,0.168,0.353,0.416,1.48,1.64,2.03,1.27,0.467,0.0215,low
250827,0.00266,0.00444,0.0139,0.0846,0.175,0.195,0.615,0.728,0.882,0.614,0.238,0.0111,low
250851,0.00682,0.0114,0.0356,0.222,0.473,0.572,1.91,2.21,2.57,1.66,0.611,0.0284,medium
250864,0.003,0.005,0.0156,0.0952,0.197,0.22,0.69,0.818,0.988,0.689,0.267,0.0125,low
250870,0.00223,0.0037200000000000002,0.0116,0.0708,0.147,0.164,0.516,0.613,0.739,0.515,0.199,0.00928,low
250886,0.00294,0.0049,0.0153,0.0934,0.196,0.233,0.741,0.878,1.02,0.678,0.262,0.0122,low
250899,0.00242,0.00404,0.0126,0.077,0.161,0.188,0.594,0.704,0.829,0.561,0.217,0.0101,low
250925,0.00483,0.00807,0.0252,0.158,0.331,0.389,1.37,1.52,1.89,1.19,0.437,0.0201,low
250931,0.0117,0.0196,0.061,0.377,0.779,0.893,2.87,3.18,3.88,2.58,0.993,0.0487,high
250946,0.0037,0.00617,0.0193,0.122,0.256,0.3,1.07,1.22,1.49,0.918,0.334,0.0154,low
250962,0.00443,0.0074,0.0231,0.145,0.305,0.352,1.23,1.38,1.72,1.08,0.397,0.0184,low
250978,0.00745,0.0124,0.0388,0.243,0.508,0.599,2.09,2.32,2.86,1.81,0.668,0.031,low
250984,0.00641,0.0107,0.0335,0.208,0.438,0.514,1.77,2.04,2.43,1.53,0.572,0.0267,low
250997,0.00687,0.0115,0.0358,0.224,0.466,0.536,1.81,2.02,2.5,1.61,0.603,0.0286,medium
251001,0.00566,0.00945,0.0295,0.18,0.374,0.421,1.36,1.61,1.92,1.3,0.503,0.0236,low
251018,0.00139,0.00232,0.00726,0.0456,0.0963,0.115,0.396,0.446,0.574,0.354,0.128,0.0058,low
251023,0.00121,0.00202,0.00631,0.0397,0.084,0.0977,0.326,0.377,0.494,0.311,0.112,0.00504,low
251039,0.00649,0.0108,0.0339,0.212,0.447,0.532,1.85,2.08,2.52,1.59,0.584,0.0271,low
251044,0.00639,0.0107,0.0333,0.207,0.434,0.518,1.76,1.97,2.38,1.52,0.567,0.0266,medium
251057,0.00152,0.00254,0.00793,0.0498,0.105,0.125,0.432,0.485,0.629,0.386,0.14,0.00633,low
251095,0.0056,0.00936,0.0292,0.182,0.383,0.457,1.58,1.76,2.13,1.35,0.501,0.0233,low
251109,0.0264,0.044,0.135,0.74,1.42,1.62,3.79,4.13,4.58,3.45,1.6,0.107,medium
251116,0.0058,0.00969,0.0303,0.185,0.389,0.447,1.49,1.75,2.06,1.34,0.517,0.0242,medium
251121,0.00992,0.0166,0.0519,0.326,0.683,0.788,2.7,3.09,3.87,2.42,0.893,0.0413,low
251137,0.00408,0.00681,0.0213,0.134,0.283,0.326,1.16,1.31,1.65,1.02,0.37,0.017,medium
251142,0.00507,0.00846,0.0265,0.165,0.353,0.426,1.44,1.68,1.94,1.24,0.455,0.0211,low
251155,0.00868,0.0145,0.0452,0.279,0.589,0.689,2.32,2.68,3.19,2.03,0.767,0.0361,medium
251180,0.00204,0.0034,0.0106,0.0664,0.139,0.167,0.582,0.653,0.821,0.503,0.186,0.0085,low
251193,0.00471,0.00786,0.0245,0.154,0.322,0.374,1.29,1.44,1.82,1.15,0.423,0.0196,medium
251207,0.00909,0.0151,0.0467,0.274,0.548,0.611,1.82,2.03,2.57,1.71,0.685,0.0372,high
251214,0.00106,0.00177,0.00554,0.0338,0.0707,0.084,0.26,0.313,0.361,0.247,0.0953,0.00443,low
251229,0.00581,0.0097,0.0303,0.191,0.401,0.458,1.61,1.8,2.29,1.43,0.522,0.0242,medium
251235,0.00215,0.00358,0.0112,0.0683,0.141,0.159,0.498,0.592,0.712,0.496,0.192,0.00895,low
251240,0.00597,0.00996,0.0311,0.192,0.409,0.483,1.64,1.94,2.25,1.41,0.533,0.0249,low
251253,0.00105,0.00175,0.00546,0.0344,0.073,0.0863,0.294,0.334,0.437,0.27,0.0968,0.00436,low
251266,0.00253,0.00422,0.0132,0.0805,0.168,0.196,0.621,0.734,0.867,0.587,0.226,0.0105,low
251272,0.00353,0.00589,0.0184,0.112,0.234,0.265,0.841,1,1.19,0.814,0.315,0.0147,low
251288,0.00566,0.00946,0.0296,0.184,0.388,0.457,1.58,1.83,2.18,1.36,0.507,0.0236,low
251291,0.00454,0.00758,0.0237,0.148,0.317,0.38,1.32,1.55,1.78,1.11,0.408,0.0189,medium
251305,0.00446,0.00745,0.0233,0.146,0.306,0.361,1.28,1.42,1.77,1.11,0.405,0.0186,medium
251312,0.00101,0.00169,0.00529,0.0333,0.0703,0.0808,0.271,0.313,0.412,0.26,0.0937,0.00422,low
251327,0.0054,0.00902,0.0282,0.177,0.377,0.451,1.54,1.76,2.08,1.32,0.483,0.0225,low
251333,9.98e-4,0.00167,0.00521,0.0329,0.0697,0.083,0.278,0.318,0.413,0.259,0.0924,0.00416,low
251348,0.00921,0.0154,0.048,0.3,0.628,0.71,2.43,2.72,3.49,2.2,0.82,0.0383,medium
251351,0.00709,0.0118,0.037,0.232,0.487,0.561,1.94,2.17,2.71,1.72,0.635,0.0295,medium
251364,0.00671,0.0112,0.0351,0.217,0.467,0.564,1.92,2.24,2.53,1.63,0.602,0.028,low
251370,0.0927,0.154,0.474,2.67,5.13,5.72,13.8,14.9,17,12.9,5.93,0.377,high
251386,0.0039,0.00652,0.0204,0.129,0.273,0.313,1.13,1.27,1.6,0.981,0.354,0.0163,medium
251399,0.00403,0.00673,0.021,0.128,0.267,0.307,0.982,1.17,1.37,0.928,0.359,0.0168,low
251403,0.00294,0.00491,0.0153,0.0937,0.197,0.234,0.753,0.887,1.04,0.682,0.262,0.0123,low
251410,0.00702,0.0117,0.0366,0.228,0.482,0.579,1.98,2.25,2.68,1.7,0.63,0.0292,medium
251425,0.00285,0.00476,0.0149,0.0933,0.196,0.223,0.759,0.856,1.12,0.705,0.259,0.0119,low
251431,0.00562,0.00939,0.0293,0.184,0.386,0.461,1.61,1.8,2.19,1.38,0.507,0.0234,low
251459,0.00403,0.00673,0.021,0.132,0.277,0.328,1.16,1.29,1.6,1,0.365,0.0168,low
251462,0.0065,0.0109,0.0339,0.209,0.447,0.525,1.8,2.11,2.44,1.54,0.581,0.0271,medium
251484,0.00526,0.00879,0.0275,0.169,0.358,0.421,1.43,1.68,1.95,1.24,0.47,0.0219,medium
251497,0.0166,0.0277,0.086,0.514,1.06,1.24,3.82,4.37,5.01,3.32,1.33,0.0686,medium
251500,0.00439,0.00733,0.0229,0.145,0.308,0.364,1.3,1.47,1.8,1.1,0.397,0.0183,medium
251517,0.00694,0.0116,0.0362,0.224,0.479,0.569,1.92,2.25,2.58,1.63,0.61,0.0289,medium
251522,0.00541,0.00904,0.0283,0.177,0.376,0.453,1.54,1.78,2.1,1.33,0.488,0.0226,low
251538,0.00479,0.00801,0.025,0.157,0.329,0.387,1.37,1.52,1.89,1.19,0.435,0.02,low
251543,0.00537,0.00896,0.028,0.175,0.368,0.436,1.54,1.7,2.1,1.32,0.485,0.0224,low
251556,0.0057,0.00951,0.0297,0.181,0.38,0.44,1.44,1.68,1.98,1.29,0.501,0.0237,low
251569,0.00677,0.0113,0.0354,0.22,0.46,0.536,1.81,2.07,2.55,1.6,0.598,0.0282,low
251575,0.00445,0.00743,0.0232,0.147,0.309,0.364,1.3,1.45,1.79,1.11,0.403,0.0185,medium
251581,0.00826,0.0138,0.0431,0.27,0.565,0.649,2.22,2.48,3.12,1.99,0.736,0.0344,medium
251615,0.0118,0.0197,0.0614,0.377,0.796,0.928,3.04,3.51,4.24,2.72,1.04,0.0491,medium
251636,0.00515,0.0086,0.0269,0.164,0.342,0.388,1.27,1.49,1.78,1.19,0.459,0.0215,medium
251641,0.00384,0.00642,0.0201,0.127,0.267,0.307,1.1,1.24,1.57,0.967,0.35,0.016,medium
251654,0.00759,0.0127,0.0396,0.244,0.519,0.614,2.09,2.43,2.84,1.79,0.673,0.0316,low
251667,0.00469,0.00783,0.0245,0.153,0.33,0.392,1.38,1.6,1.88,1.16,0.422,0.0195,medium
251673,0.00631,0.0105,0.033,0.204,0.439,0.529,1.82,2.12,2.4,1.53,0.566,0.0263,medium
251689,0.00777,0.013,0.0405,0.253,0.53,0.604,2.06,2.3,2.89,1.84,0.686,0.0323,low
251692,0.00278,0.00464,0.0145,0.09,0.188,0.225,0.788,0.882,1.09,0.672,0.251,0.0116,low
251706,0.00179,0.00299,0.00935,0.0586,0.124,0.15,0.51,0.577,0.724,0.451,0.164,0.00747,low
251713,0.0239,0.0399,0.123,0.702,1.41,1.61,4.51,5.12,6.02,4.14,1.73,0.098,medium
251728,0.011,0.0183,0.057,0.351,0.733,0.858,2.8,3.14,3.76,2.4,0.914,0.0454,low
251734,0.00417,0.00696,0.0217,0.133,0.28,0.327,1.05,1.23,1.48,0.971,0.371,0.0174,low
251749,0.00899,0.015,0.0469,0.293,0.614,0.69,2.34,2.63,3.41,2.16,0.802,0.0374,low
251752,0.0128,0.0213,0.0664,0.4,0.829,0.961,2.88,3.39,3.88,2.71,1.09,0.053,low
251765,0.00396,0.00661,0.0207,0.13,0.272,0.319,1.12,1.25,1.55,0.974,0.357,0.0165,low
251771,0.00434,0.00724,0.0227,0.143,0.302,0.348,1.24,1.39,1.74,1.07,0.39,0.0181,low
251790,0.00443,0.0074,0.0231,0.141,0.294,0.34,1.07,1.27,1.49,1.02,0.394,0.0185,low
251804,0.00593,0.0099,0.0309,0.194,0.408,0.474,1.66,1.86,2.32,1.46,0.536,0.0247,medium
251811,0.00426,0.00711,0.0222,0.141,0.296,0.346,1.24,1.39,1.73,1.07,0.386,0.0177,medium
251826,0.00699,0.0117,0.0364,0.226,0.47,0.542,1.77,1.97,2.52,1.62,0.611,0.029,low
251832,0.00321,0.00536,0.0167,0.102,0.213,0.245,0.778,0.916,1.09,0.739,0.286,0.0134,low
251850,0.00337,0.00563,0.0176,0.107,0.226,0.266,0.867,1.02,1.21,0.782,0.301,0.0141,low
251863,0.0061,0.0102,0.0319,0.198,0.426,0.51,1.78,2.08,2.36,1.48,0.547,0.0254,low
251898,0.0123,0.0206,0.0642,0.4,0.833,0.933,3.09,3.47,4.46,2.87,1.08,0.0512,low
251902,0.0195,0.0326,0.102,0.625,1.31,1.53,4.86,5.56,6.66,4.34,1.67,0.0812,low
251919,0.00461,0.00769,0.0241,0.151,0.324,0.386,1.36,1.57,1.86,1.14,0.415,0.0192,low
251924,0.00966,0.0161,0.0504,0.311,0.66,0.795,2.58,2.97,3.42,2.24,0.845,0.0402,medium
251930,0.00882,0.0147,0.046,0.28,0.588,0.678,2.23,2.6,3.03,1.98,0.773,0.0367,low
251945,0.00673,0.0112,0.0351,0.218,0.464,0.558,1.84,2.13,2.47,1.6,0.596,0.028,low
251961,0.00602,0.0101,0.0315,0.195,0.413,0.484,1.64,1.91,2.28,1.44,0.539,0.0251,low
251977,0.00472,0.00789,0.0247,0.154,0.33,0.396,1.36,1.57,1.84,1.16,0.425,0.0197,low
252000,0.00108,0.0018,0.00562,0.0354,0.0749,0.0868,0.3,0.339,0.448,0.277,0.0996,0.00448,low
252017,0.00459,0.00766,0.0239,0.146,0.305,0.352,1.13,1.32,1.58,1.06,0.408,0.0191,low
252022,0.00792,0.0132,0.0413,0.254,0.538,0.631,2.05,2.38,2.9,1.85,0.703,0.033,low
252038,0.00971,0.0162,0.0505,0.303,0.628,0.742,2.18,2.54,2.91,2.01,0.812,0.0403,low
252043,9.06e-4,0.00151,0.00473,0.0298,0.063,0.0731,0.246,0.283,0.373,0.234,0.084,0.00377,low
252056,0.00694,0.0116,0.0362,0.227,0.475,0.544,1.86,2.08,2.65,1.67,0.621,0.0289,low
252069,0.00203,0.00338,0.0106,0.0662,0.14,0.167,0.577,0.645,0.829,0.509,0.185,0.00845,low
252075,0.0365,0.0608,0.187,1.05,2.1,2.43,6.81,7.79,8.72,5.99,2.51,0.148,high
252081,0.0051,0.00852,0.0266,0.162,0.339,0.391,1.26,1.47,1.75,1.18,0.455,0.0213,low
252094,0.0053,0.00884,0.0276,0.168,0.35,0.399,1.27,1.49,1.78,1.22,0.471,0.0221,low
252108,0.00196,0.00328,0.0102,0.0644,0.136,0.155,0.529,0.604,0.799,0.5,0.181,0.00817,low
252115,0.00206,0.00345,0.0108,0.0677,0.143,0.163,0.56,0.633,0.836,0.519,0.189,0.00859,low
252120,0.00144,0.00241,0.00753,0.0474,0.1,0.115,0.4,0.45,0.597,0.369,0.133,0.006,low
252154,0.014,0.0234,0.0729,0.452,0.955,1.12,3.67,4.22,5.09,3.25,1.23,0.0582,low
252167,0.00969,0.0162,0.0506,0.313,0.663,0.798,2.65,3.03,3.53,2.28,0.857,0.0403,low
252173,0.0177,0.0294,0.0895,0.487,0.932,1.07,2.91,3.2,3.75,2.61,1.11,0.0711,high
252189,0.00623,0.0104,0.0325,0.202,0.42,0.503,1.75,1.95,2.4,1.5,0.56,0.026,low
252192,0.00532,0.00888,0.0278,0.174,0.369,0.444,1.52,1.75,2.07,1.31,0.48,0.0222,low
252206,0.0166,0.0277,0.0862,0.526,1.08,1.21,3.84,4.26,5.31,3.5,1.36,0.0687,medium
252213,0.00206,0.00343,0.0107,0.0654,0.137,0.16,0.507,0.601,0.706,0.477,0.184,0.00857,low
252228,0.00537,0.00897,0.0281,0.177,0.377,0.446,1.57,1.81,2.16,1.33,0.483,0.0224,low
252234,0.00497,0.00829,0.0259,0.161,0.345,0.416,1.42,1.65,1.9,1.2,0.444,0.0207,medium
252249,0.00185,0.00308,0.00963,0.0603,0.127,0.152,0.528,0.591,0.76,0.466,0.169,0.0077,low
252252,0.00457,0.00764,0.0239,0.15,0.315,0.367,1.29,1.45,1.8,1.12,0.411,0.019,medium
252265,0.00119,0.002,0.00624,0.0393,0.0832,0.0987,0.339,0.383,0.501,0.307,0.11,0.00498,low
252271,0.00465,0.00777,0.0242,0.148,0.308,0.351,1.12,1.31,1.57,1.07,0.413,0.0194,low
252287,0.00943,0.0158,0.0492,0.309,0.647,0.727,2.49,2.82,3.67,2.31,0.851,0.0393,medium
252304,0.00398,0.00665,0.0208,0.131,0.275,0.316,1.1,1.24,1.59,0.989,0.362,0.0166,medium
252311,0.0121,0.0203,0.0632,0.39,0.808,0.908,2.94,3.27,4.14,2.7,1.04,0.0504,low
252326,0.00167,0.00279,0.00873,0.055,0.116,0.133,0.455,0.517,0.685,0.427,0.154,0.00697,low
252332,0.00908,0.0152,0.0474,0.296,0.62,0.695,2.35,2.65,3.43,2.18,0.81,0.0378,medium
252347,0.00929,0.0155,0.0484,0.298,0.628,0.732,2.37,2.74,3.31,2.13,0.808,0.0387,low
252385,0.00507,0.00846,0.0264,0.165,0.347,0.411,1.44,1.6,1.97,1.24,0.456,0.0211,medium
252398,0.00264,0.00441,0.0138,0.0841,0.176,0.207,0.658,0.78,0.917,0.613,0.236,0.011,low
252402,0.00964,0.0161,0.0503,0.315,0.658,0.75,2.54,2.85,3.59,2.28,0.852,0.0401,medium
252424,0.0041,0.00685,0.0214,0.134,0.282,0.333,1.18,1.31,1.61,1.01,0.37,0.0171,medium
252430,0.00154,0.00256,0.00801,0.0489,0.101,0.115,0.358,0.427,0.511,0.355,0.137,0.0064,low
252445,0.00482,0.00804,0.0251,0.158,0.331,0.389,1.37,1.53,1.89,1.18,0.434,0.0201,medium
252458,0.00207,0.00345,0.0108,0.0658,0.136,0.153,0.485,0.57,0.692,0.479,0.185,0.00862,low
252477,0.00131,0.00218,0.00682,0.0416,0.0866,0.101,0.314,0.376,0.44,0.303,0.117,0.00545,low
252483,0.00477,0.00797,0.0249,0.156,0.328,0.381,1.33,1.49,1.85,1.17,0.429,0.0199,medium
252496,0.00495,0.00827,0.0259,0.163,0.349,0.414,1.47,1.68,2.01,1.23,0.446,0.0206,medium
252509,0.00464,0.00775,0.0243,0.151,0.319,0.376,1.31,1.52,1.8,1.12,0.416,0.0193,low
252516,0.022,0.0367,0.114,0.695,1.42,1.58,4.74,5.26,6.53,4.46,1.79,0.091,medium
252521,0.00421,0.00703,0.022,0.139,0.292,0.335,1.2,1.34,1.71,1.06,0.383,0.0175,medium
252537,0.0035,0.00585,0.0183,0.113,0.236,0.283,0.983,1.1,1.35,0.841,0.315,0.0146,low
252542,0.00788,0.0132,0.0411,0.258,0.54,0.61,2.1,2.36,3.04,1.91,0.708,0.0328,medium
252555,0.00442,0.00738,0.023,0.144,0.3,0.357,1.25,1.39,1.72,1.07,0.398,0.0184,medium
259010,0.00257,0.00429,0.0134,0.0816,0.17,0.193,0.605,0.719,0.858,0.593,0.229,0.0107,low
259025,0.00389,0.0065,0.0203,0.128,0.268,0.316,1.12,1.25,1.55,0.968,0.353,0.0162,medium
259031,0.00262,0.00437,0.0137,0.0833,0.173,0.196,0.615,0.729,0.873,0.604,0.234,0.0109,low
259046,0.00671,0.0112,0.035,0.218,0.46,0.54,1.84,2.14,2.55,1.61,0.599,0.028,low
259059,0.00745,0.0124,0.0389,0.242,0.511,0.615,2.07,2.37,2.78,1.78,0.664,0.031,medium
259062,0.0049,0.00818,0.0256,0.156,0.326,0.377,1.23,1.44,1.72,1.13,0.437,0.0204,low
259078,0.00502,0.00839,0.0263,0.165,0.35,0.418,1.45,1.64,1.96,1.24,0.451,0.0209,medium
259084,0.00435,0.00726,0.0227,0.138,0.291,0.338,1.11,1.31,1.55,1.01,0.388,0.0181,medium
259097,0.00383,0.0064,0.02,0.122,0.256,0.297,0.969,1.14,1.35,0.887,0.342,0.016,low
259101,0.00429,0.00716,0.0224,0.136,0.285,0.325,1.05,1.24,1.48,0.99,0.383,0.0179,low
259118,0.00449,0.0075,0.0235,0.148,0.312,0.37,1.31,1.47,1.79,1.12,0.406,0.0187,medium
259123,0.00496,0.00829,0.0259,0.163,0.341,0.383,1.3,1.49,1.94,1.23,0.45,0.0207,low
259139,0.00495,0.00826,0.0258,0.157,0.33,0.386,1.24,1.47,1.71,1.14,0.441,0.0206,low
430017,0.00685,0.0114,0.0357,0.224,0.479,0.575,2,2.23,2.7,1.7,0.615,0.0285,medium
430022,0.0196,0.0326,0.101,0.606,1.26,1.48,4.49,4.9,5.95,4.02,1.52,0.0805,high
430038,0.00665,0.0111,0.0346,0.217,0.458,0.562,1.86,2.08,2.64,1.66,0.597,0.0277,medium
430043,0.00395,0.00657,0.0205,0.132,0.296,0.365,1.09,1.23,1.65,1.12,0.37,0.0164,low
430056,0.00827,0.0138,0.043,0.268,0.564,0.675,2.21,2.44,3.07,1.99,0.724,0.0344,high
430069,0.00286,0.00476,0.0149,0.0945,0.205,0.255,0.793,0.909,1.15,0.744,0.263,0.0119,low
430075,0.00829,0.0138,0.0431,0.268,0.565,0.698,2.25,2.53,3.17,2.02,0.733,0.0345,high
430081,0.00327,0.00545,0.017,0.107,0.228,0.287,0.902,1.05,1.31,0.819,0.298,0.0136,low
430094,0.00972,0.0162,0.0506,0.313,0.656,0.815,2.61,2.95,3.61,2.3,0.851,0.0405,high
430108,0.00383,0.00639,0.02,0.127,0.271,0.318,1.1,1.21,1.54,1,0.347,0.0159,medium
430115,0.138,0.228,0.67,3.11,5.38,6.09,11.8,12.6,14.2,11.3,5.8,0.531,medium
430120,0.0634,0.106,0.327,1.94,3.95,4.55,12.1,13,15.7,11.6,4.63,0.26,high
430136,0.0283,0.047,0.143,0.797,1.62,1.98,4.68,5.09,6.17,4.53,1.85,0.114,high
430141,0.00286,0.00477,0.0149,0.0972,0.227,0.282,0.824,0.936,1.28,0.87,0.279,0.012,low
430154,0.00622,0.0104,0.0324,0.203,0.427,0.533,1.8,2.05,2.53,1.56,0.565,0.026,low
430167,0.0091,0.0152,0.0475,0.302,0.665,0.802,2.75,3.05,3.79,2.41,0.827,0.0379,medium
430173,0.00768,0.0128,0.04,0.252,0.545,0.684,2.2,2.43,3.2,2,0.698,0.032,low
430189,0.003,0.005,0.0156,0.0976,0.207,0.26,0.818,0.955,1.18,0.738,0.272,0.0125,low
430192,0.00132,0.00219,0.00685,0.0434,0.0928,0.114,0.37,0.426,0.53,0.343,0.122,0.00548,low
430206,0.0195,0.0324,0.101,0.625,1.34,1.59,4.81,5.25,6.29,4.31,1.61,0.0807,high
430213,0.00394,0.00658,0.0206,0.129,0.273,0.326,1.15,1.27,1.58,0.989,0.358,0.0164,medium
430228,8.84e-4,0.00148,0.0046,0.029,0.0613,0.0751,0.242,0.282,0.357,0.226,0.0813,0.00368,low
430234,0.00236,0.00394,0.0123,0.0777,0.166,0.207,0.684,0.783,0.975,0.614,0.217,0.00985,low
430249,0.0154,0.0257,0.0799,0.493,1.05,1.23,3.5,3.81,4.66,3.3,1.25,0.0636,high
430252,0.00195,0.00325,0.0101,0.0644,0.139,0.173,0.549,0.63,0.792,0.508,0.18,0.00812,low
430265,0.00156,0.0026,0.00811,0.0514,0.11,0.136,0.438,0.501,0.619,0.403,0.143,0.00649,low
430271,0.00166,0.00277,0.00866,0.0544,0.115,0.141,0.476,0.541,0.677,0.421,0.152,0.00693,low
430287,0.0149,0.0249,0.0775,0.475,1,1.18,3.66,4,4.83,3.26,1.22,0.0618,medium
430290,0.00457,0.00763,0.0238,0.149,0.314,0.374,1.32,1.47,1.81,1.14,0.414,0.019,low
430304,0.00455,0.00758,0.0237,0.153,0.334,0.395,1.4,1.54,2.02,1.3,0.429,0.0189,high
430311,0.0346,0.0578,0.18,1.1,2.27,2.79,8.33,9.31,11.2,7.46,2.88,0.144,high
430326,0.0014,0.00233,0.00728,0.0459,0.0976,0.121,0.381,0.442,0.551,0.353,0.128,0.00583,low
430332,0.0164,0.0274,0.085,0.523,1.1,1.34,3.92,4.29,5.33,3.61,1.36,0.068,medium
430347,0.00477,0.00795,0.0248,0.158,0.337,0.395,1.36,1.5,1.9,1.23,0.43,0.0198,low
430350,0.00207,0.00345,0.0108,0.0678,0.144,0.178,0.593,0.677,0.84,0.529,0.19,0.00861,low
430363,0.00552,0.00921,0.0288,0.18,0.381,0.454,1.57,1.73,2.11,1.34,0.491,0.023,medium
430379,0.101,0.168,0.506,2.62,4.87,5.48,11.7,12.5,14.5,11.3,5.27,0.401,high
430385,0.0335,0.0558,0.172,1.03,2.1,2.49,6.41,6.88,8.44,6.16,2.47,0.138,high
430398,0.00573,0.00958,0.0299,0.185,0.386,0.473,1.61,1.8,2.2,1.37,0.512,0.0239,low
430402,0.00302,0.00504,0.0157,0.1,0.217,0.275,0.905,1.02,1.31,0.816,0.281,0.0126,low
430419,0.00107,0.00179,0.00558,0.0352,0.0745,0.0919,0.292,0.34,0.43,0.273,0.0984,0.00447,low
430424,0.0362,0.0603,0.187,1.14,2.37,2.87,8.25,9.08,11,7.62,2.95,0.15,medium
430430,0.0188,0.0314,0.0978,0.608,1.28,1.49,4.5,4.89,6.16,4.32,1.58,0.0779,high
430445,0.00279,0.00465,0.0145,0.0906,0.193,0.242,0.769,0.892,1.12,0.692,0.253,0.0116,low
430458,0.00509,0.00849,0.0265,0.169,0.366,0.462,1.54,1.7,2.27,1.39,0.474,0.0212,medium
430461,0.00614,0.0103,0.0321,0.2,0.422,0.506,1.77,2,2.37,1.5,0.554,0.0256,medium
430477,0.023,0.0383,0.119,0.716,1.48,1.73,4.94,5.37,6.71,4.69,1.79,0.0945,high
430483,0.00119,0.00198,0.00618,0.0391,0.0833,0.103,0.332,0.382,0.474,0.306,0.109,0.00494,low
430496,0.00541,0.00904,0.0282,0.175,0.366,0.451,1.54,1.74,2.12,1.31,0.488,0.0226,medium
430509,0.0116,0.0194,0.0607,0.387,0.84,0.99,3.34,3.65,4.7,3.12,1.06,0.0483,high
430516,0.0456,0.076,0.236,1.45,3.06,3.59,10.1,11,13.4,9.6,3.66,0.188,high
430521,0.00263,0.00439,0.0137,0.087,0.189,0.235,0.731,0.839,1.06,0.684,0.242,0.011,low
430537,0.0141,0.0235,0.0733,0.455,0.959,1.2,3.8,4.27,5.26,3.36,1.24,0.0586,medium
430542,0.0064,0.0107,0.0334,0.208,0.435,0.519,1.79,1.99,2.46,1.55,0.574,0.0267,medium
430555,0.00419,0.00699,0.0218,0.137,0.293,0.367,1.19,1.35,1.68,1.06,0.38,0.0175,low
430568,0.00111,0.00185,0.00578,0.0365,0.0777,0.095,0.308,0.357,0.446,0.287,0.102,0.00462,low
430574,0.00584,0.00976,0.0305,0.188,0.392,0.481,1.64,1.84,2.24,1.39,0.522,0.0244,low
430580,0.00207,0.00345,0.0108,0.0682,0.146,0.18,0.594,0.68,0.845,0.541,0.191,0.00861,low
430593,0.00374,0.00624,0.0195,0.123,0.262,0.312,1.11,1.23,1.54,0.963,0.342,0.0156,medium
430607,0.00133,0.00222,0.00692,0.0438,0.093,0.113,0.373,0.428,0.541,0.345,0.123,0.00554,low
430614,0.00554,0.00925,0.0289,0.18,0.379,0.451,1.57,1.75,2.1,1.34,0.495,0.0231,low
430629,0.00283,0.00471,0.0147,0.0951,0.213,0.267,0.821,0.933,1.26,0.819,0.269,0.0118,low
430635,0.00435,0.00725,0.0226,0.144,0.315,0.396,1.22,1.4,1.84,1.17,0.402,0.0181,low
430640,0.00136,0.00227,0.00709,0.0448,0.0951,0.118,0.374,0.434,0.539,0.346,0.125,0.00568,low
430653,0.00166,0.00277,0.00864,0.0549,0.118,0.146,0.475,0.543,0.672,0.436,0.153,0.00691,medium
430666,0.00799,0.0133,0.0417,0.265,0.57,0.683,2.33,2.57,3.36,2.16,0.737,0.0333,low
430672,0.00165,0.00275,0.00858,0.0545,0.118,0.149,0.477,0.548,0.684,0.436,0.153,0.00687,low
430688,0.00516,0.00861,0.0269,0.173,0.383,0.479,1.47,1.68,2.24,1.45,0.485,0.0215,low
430691,0.00303,0.00505,0.0158,0.0988,0.21,0.262,0.853,0.98,1.2,0.76,0.275,0.0126,low
430705,0.00208,0.00347,0.0108,0.0689,0.149,0.188,0.615,0.696,0.883,0.558,0.193,0.00866,low
430712,0.00216,0.0036,0.0112,0.0706,0.15,0.188,0.59,0.687,0.855,0.54,0.197,0.009,low
430727,0.00223,0.0037200000000000002,0.0116,0.0734,0.157,0.194,0.64,0.733,0.909,0.58,0.206,0.00929,low
430733,0.0124,0.0208,0.0649,0.401,0.845,1.01,3.37,3.83,4.48,2.9,1.09,0.0518,low
430748,0.0113,0.0188,0.0588,0.371,0.801,0.958,3.23,3.55,4.37,2.83,0.998,0.047,low
430751,0.00203,0.00339,0.0106,0.0661,0.139,0.17,0.584,0.662,0.816,0.502,0.185,0.00847,low
430764,0.00367,0.00613,0.0191,0.121,0.262,0.332,1.07,1.21,1.55,0.972,0.338,0.0153,low
430770,0.00339,0.00566,0.0177,0.111,0.238,0.301,0.957,1.11,1.41,0.867,0.311,0.0142,low
430786,0.00424,0.00707,0.0221,0.142,0.318,0.398,1.21,1.37,1.83,1.2,0.399,0.0177,low
430799,0.0133,0.0223,0.0695,0.433,0.918,1.09,3.48,3.82,4.68,3.12,1.14,0.0554,medium
430803,0.00639,0.0107,0.0333,0.212,0.457,0.549,1.89,2.09,2.74,1.74,0.592,0.0266,medium
430810,0.0115,0.0191,0.0597,0.372,0.786,0.98,3.23,3.66,4.54,2.84,1.03,0.0477,medium
430825,0.00205,0.00341,0.0107,0.0678,0.147,0.184,0.598,0.681,0.848,0.545,0.19,0.00853,low
430831,0.00474,0.0079,0.0247,0.157,0.335,0.402,1.41,1.56,2.02,1.26,0.437,0.0197,low
430846,0.00152,0.00254,0.00794,0.0504,0.109,0.136,0.437,0.502,0.624,0.4,0.141,0.00635,low
430859,0.00213,0.00355,0.0111,0.0702,0.15,0.186,0.608,0.695,0.862,0.555,0.196,0.00887,low
430862,0.0156,0.0258,0.0785,0.428,0.822,0.953,2.69,2.94,3.54,2.39,0.992,0.0625,high
430884,0.00878,0.0146,0.0457,0.29,0.626,0.77,2.44,2.66,3.47,2.27,0.792,0.0365,medium
430897,0.005,0.00834,0.0261,0.165,0.354,0.422,1.45,1.6,2.02,1.29,0.451,0.0208,medium
430901,0.00867,0.0145,0.0452,0.284,0.611,0.731,2.49,2.76,3.38,2.16,0.768,0.0361,high
430918,0.00514,0.00858,0.0268,0.167,0.352,0.431,1.5,1.67,2.09,1.29,0.467,0.0214,medium
430923,0.0253,0.042,0.128,0.705,1.39,1.66,4.13,4.47,5.63,3.96,1.61,0.102,high
430939,0.0019,0.00317,0.00988,0.0626,0.134,0.167,0.534,0.61,0.752,0.49,0.174,0.00791,low
430944,0.00271,0.00452,0.0141,0.0895,0.193,0.241,0.771,0.88,1.08,0.707,0.249,0.0113,low
430957,0.0216,0.0361,0.112,0.697,1.47,1.74,5.3,5.79,7.27,4.96,1.83,0.0897,high
430960,0.00303,0.00506,0.0158,0.0982,0.206,0.254,0.866,0.985,1.21,0.742,0.275,0.0126,low
430976,0.0102,0.0169,0.053,0.336,0.724,0.851,2.79,3.04,3.89,2.61,0.909,0.0422,medium
430982,0.00329,0.00549,0.0172,0.109,0.235,0.276,0.941,1.04,1.34,0.875,0.3,0.0137,medium
430995,0.00146,0.00243,0.00759,0.0478,0.101,0.124,0.416,0.474,0.596,0.373,0.134,0.00607,low
431009,0.0317,0.0529,0.165,1.03,2.17,2.52,7.51,8.16,10.2,7.21,2.66,0.131,high
431016,0.0059,0.00985,0.0308,0.192,0.404,0.481,1.67,1.87,2.25,1.43,0.528,0.0246,medium
431021,0.00231,0.00386,0.012,0.0761,0.163,0.203,0.639,0.739,0.928,0.588,0.212,0.00965,low
431037,0.0144,0.024,0.0751,0.476,1.02,1.21,3.99,4.39,5.65,3.73,1.3,0.0599,high
431042,0.00331,0.00552,0.0172,0.111,0.25,0.312,0.98,1.1,1.44,0.945,0.313,0.0138,medium
431055,0.00689,0.0115,0.036,0.224,0.474,0.569,1.99,2.25,2.63,1.67,0.62,0.0287,low
431068,0.00166,0.00277,0.00864,0.0547,0.117,0.146,0.462,0.529,0.664,0.427,0.152,0.00692,low
431074,0.00478,0.00798,0.0249,0.156,0.329,0.393,1.37,1.51,1.87,1.18,0.43,0.0199,low
431080,0.00832,0.0139,0.0433,0.272,0.575,0.676,2.26,2.49,3.09,2.02,0.731,0.0346,medium
431093,0.013,0.0217,0.0676,0.429,0.92,1.1,3.7,4.08,5.29,3.42,1.18,0.054,high
431107,9.12e-4,0.00152,0.00475,0.0299,0.0634,0.0768,0.25,0.292,0.369,0.235,0.0843,0.0038,low
431114,0.0215,0.0359,0.111,0.675,1.4,1.63,4.72,5.1,6.32,4.46,1.69,0.0886,high
431129,0.00417,0.00697,0.0217,0.136,0.287,0.359,1.18,1.35,1.65,1.04,0.377,0.0174,low
431135,0.0051,0.00852,0.0266,0.167,0.355,0.425,1.49,1.66,2.02,1.27,0.46,0.0213,medium
431140,0.00487,0.00813,0.0254,0.159,0.335,0.42,1.4,1.6,1.97,1.22,0.442,0.0203,medium
431153,0.00549,0.00916,0.0286,0.18,0.386,0.486,1.63,1.83,2.34,1.44,0.505,0.0229,medium
431166,0.00488,0.00816,0.0255,0.158,0.328,0.403,1.38,1.55,1.88,1.17,0.438,0.0204,medium
431172,0.00195,0.00325,0.0101,0.064,0.136,0.169,0.532,0.618,0.77,0.494,0.179,0.00812,low
431188,0.00989,0.0165,0.0514,0.322,0.697,0.871,2.59,2.86,3.76,2.44,0.866,0.0411,medium
431191,0.00971,0.0162,0.0502,0.306,0.63,0.726,2.13,2.32,2.83,1.98,0.764,0.04,medium
431205,0.0112,0.0186,0.0578,0.345,0.714,0.846,2.62,2.89,3.39,2.24,0.88,0.0461,medium
431212,0.00213,0.00355,0.0111,0.0704,0.154,0.192,0.612,0.701,0.878,0.564,0.197,0.00886,low
431227,0.00483,0.00805,0.0252,0.162,0.352,0.414,1.44,1.59,2.1,1.37,0.453,0.0201,medium
431233,0.0205,0.0342,0.106,0.661,1.4,1.69,5.05,5.52,6.98,4.75,1.75,0.085,high
431248,0.0077,0.0128,0.0401,0.251,0.529,0.632,2.12,2.34,2.96,1.89,0.683,0.032,medium
431251,9.93e-4,0.00166,0.00517,0.0327,0.0692,0.0835,0.274,0.318,0.405,0.257,0.0919,0.00414,low
431264,0.0162,0.027,0.0845,0.533,1.14,1.34,4.29,4.67,5.94,4.04,1.43,0.0673,medium
431270,0.0177,0.0296,0.0918,0.563,1.18,1.44,4.16,4.53,5.74,3.88,1.45,0.0734,medium
431286,0.0135,0.0225,0.0703,0.434,0.909,1.13,3.59,4.05,4.94,3.16,1.18,0.0562,medium
431299,0.0118,0.0197,0.0609,0.365,0.749,0.894,2.49,2.71,3.42,2.35,0.903,0.0486,high
431303,0.00464,0.00776,0.0243,0.151,0.319,0.383,1.34,1.52,1.79,1.14,0.419,0.0194,low
431310,0.0111,0.0185,0.0579,0.368,0.795,0.936,3.09,3.37,4.31,2.89,1,0.0461,high
431325,0.016,0.0267,0.0828,0.495,1.01,1.18,3.37,3.67,4.42,3.06,1.21,0.066,medium
431331,0.00407,0.00679,0.0212,0.134,0.288,0.361,1.12,1.28,1.62,1.03,0.369,0.017,low
431346,0.00665,0.0111,0.0347,0.221,0.475,0.571,1.96,2.17,2.85,1.81,0.616,0.0277,medium
431359,0.00459,0.00765,0.024,0.154,0.337,0.398,1.41,1.55,2.03,1.31,0.432,0.0191,low
431362,0.00117,0.00194,0.00607,0.0393,0.0895,0.111,0.333,0.377,0.514,0.344,0.112,0.00486,low
431378,0.00722,0.012,0.0377,0.239,0.524,0.631,2.18,2.42,3.01,1.91,0.655,0.0301,medium
431384,0.0115,0.0192,0.0597,0.369,0.792,0.974,2.63,2.95,3.78,2.61,0.953,0.0478,low
431397,0.0304,0.0507,0.156,0.896,1.79,2.09,5.78,6.41,7.22,5.08,2.15,0.125,medium
431401,0.0251,0.0417,0.129,0.758,1.55,1.81,5.11,5.56,6.71,4.66,1.82,0.103,high
431418,0.00691,0.0115,0.0361,0.224,0.477,0.573,2,2.27,2.66,1.69,0.622,0.0288,medium
431423,0.00489,0.00816,0.0255,0.159,0.337,0.403,1.41,1.58,1.91,1.2,0.44,0.0204,medium
431439,0.00827,0.0138,0.0432,0.269,0.567,0.68,2.35,2.66,3.14,2,0.742,0.0345,low
431444,0.01,0.0167,0.052,0.326,0.694,0.808,2.55,2.78,3.56,2.43,0.864,0.0414,high
431457,0.0146,0.0244,0.0756,0.456,0.939,1.13,3.34,3.69,4.6,3.07,1.17,0.0603,high
431460,0.00532,0.00888,0.0277,0.174,0.365,0.432,1.53,1.7,2.1,1.32,0.482,0.0222,low
431476,0.00411,0.00686,0.0214,0.134,0.281,0.335,1.16,1.29,1.56,0.996,0.367,0.0171,medium
431482,0.0808,0.133,0.393,1.92,3.51,3.96,9.06,9.65,11.6,8.83,3.93,0.311,high
431495,0.00245,0.00409,0.0128,0.0816,0.18,0.222,0.702,0.799,1.02,0.662,0.229,0.0102,low
431508,0.003,0.00501,0.0156,0.0996,0.219,0.279,0.9,1.02,1.31,0.822,0.28,0.0125,medium
431515,0.00523,0.00873,0.0273,0.173,0.377,0.475,1.58,1.75,2.33,1.43,0.487,0.0218,low
431520,0.00175,0.00292,0.00911,0.0577,0.124,0.152,0.496,0.569,0.709,0.457,0.162,0.00728,low
431536,0.0456,0.0761,0.237,1.45,3.05,3.55,10.3,11.2,13.7,9.79,3.69,0.188,high
431541,0.00337,0.00563,0.0176,0.11,0.234,0.293,0.963,1.11,1.36,0.855,0.308,0.0141,low
431554,0.00472,0.00786,0.0245,0.157,0.347,0.431,1.32,1.49,1.93,1.27,0.436,0.0196,medium
431567,0.00402,0.0067,0.0209,0.134,0.294,0.364,1.13,1.28,1.71,1.11,0.374,0.0168,low
431573,0.00312,0.00521,0.0163,0.101,0.21,0.258,0.881,0.999,1.22,0.751,0.281,0.013,low
431589,0.00459,0.00766,0.0239,0.148,0.309,0.37,1.28,1.43,1.76,1.1,0.411,0.0191,low
431592,0.00751,0.0125,0.0392,0.245,0.515,0.616,2.13,2.39,2.88,1.82,0.675,0.0313,medium
431606,0.0128,0.0213,0.0665,0.42,0.895,1.05,3.4,3.73,4.74,3.19,1.13,0.053,high
431613,0.00684,0.0114,0.0356,0.224,0.475,0.562,1.9,2.09,2.64,1.71,0.61,0.0285,high
431628,0.00439,0.00732,0.0229,0.146,0.326,0.416,1.3,1.46,1.95,1.23,0.412,0.0183,medium
431634,0.023,0.0383,0.12,0.746,1.6,1.88,5.61,6.12,7.54,5.27,1.94,0.0952,high
431649,0.00736,0.0123,0.0384,0.245,0.53,0.623,2.1,2.3,2.98,1.97,0.672,0.0306,medium
431652,0.00325,0.00542,0.017,0.109,0.236,0.277,0.975,1.08,1.41,0.912,0.304,0.0135,medium
431665,0.00995,0.0166,0.0518,0.327,0.697,0.833,2.72,3,3.85,2.53,0.889,0.0413,medium
431671,0.00758,0.0126,0.0395,0.25,0.542,0.68,2.22,2.44,3.23,2.02,0.696,0.0316,medium
431687,0.00363,0.00607,0.019,0.118,0.245,0.3,1.03,1.17,1.43,0.878,0.328,0.0152,low
431690,0.00688,0.0115,0.0358,0.223,0.467,0.577,1.92,2.16,2.66,1.67,0.614,0.0287,medium
431704,0.00397,0.00662,0.0207,0.132,0.284,0.337,1.2,1.33,1.69,1.06,0.365,0.0165,medium
431711,0.0135,0.0225,0.0703,0.448,0.969,1.16,3.64,3.95,5.19,3.51,1.22,0.0561,high
431726,0.00666,0.0111,0.0347,0.218,0.462,0.554,1.91,2.11,2.68,1.69,0.602,0.0277,low
431732,0.00225,0.00375,0.0117,0.0735,0.156,0.195,0.646,0.744,0.916,0.573,0.206,0.00937,low
431747,0.00203,0.00339,0.0106,0.0666,0.142,0.177,0.584,0.671,0.829,0.522,0.186,0.00847,low
431750,0.00104,0.00174,0.00543,0.0342,0.0725,0.089,0.286,0.334,0.417,0.266,0.0958,0.00434,low
431763,0.00471,0.00786,0.0245,0.153,0.319,0.384,1.34,1.49,1.84,1.15,0.424,0.0196,medium
431779,0.00148,0.00246,0.00769,0.0488,0.104,0.128,0.417,0.479,0.598,0.387,0.136,0.00615,low
431785,0.00656,0.0109,0.0342,0.219,0.476,0.583,1.91,2.09,2.78,1.79,0.609,0.0273,medium
439018,0.00148,0.00246,0.0077,0.0504,0.121,0.151,0.435,0.494,0.685,0.469,0.148,0.00617,low
439023,0.00126,0.00209,0.00656,0.0431,0.104,0.13,0.373,0.425,0.593,0.406,0.127,0.00526,low
439039,0.00201,0.00334,0.0104,0.068,0.157,0.194,0.598,0.667,0.909,0.609,0.195,0.00836,low
439044,0.00289,0.00482,0.0151,0.098,0.225,0.28,0.845,0.954,1.3,0.871,0.279,0.0121,low
439057,0.044,0.0734,0.228,1.42,3,3.57,10.1,10.9,13.7,9.78,3.66,0.182,high
439060,0.00226,0.00376,0.0118,0.0767,0.178,0.22,0.674,0.748,1.03,0.692,0.221,0.00942,low
439076,0.011,0.0183,0.0572,0.367,0.803,0.961,3.14,3.42,4.58,3.04,1.03,0.0456,high
